,일시,기상번호,시도코드,평균기온(°C),최저기온(°C),최고기온(°C),평균 풍속(m/s),최다풍향(16방위),평균 현지기압(hPa),일 최심신적설(cm),일강수량(mm),강수 계속시간(hr),PM10,PM25,PM10등급,PM25등급
0,20160101,3684865983.352941,36.64705882352941,2.2757748134218723,-2.9482399952988185,7.636462361168244,1.658485925838867,224.85619282678104,1020.3800137117784,0.0,0.0,0.0,59.08281391235294,45.493349606470595,2.0,2.1176470588235294
1,20160102,3684865984.352941,36.64705882352941,5.879205304499423,1.2759017453135097,11.637856751092045,1.6257900922606807,211.02509255450434,1013.0589244089244,0.0,0.0,0.004411764705882353,53.92116743705883,38.25839522352942,2.0,2.0
2,20160103,3684865985.352941,36.64705882352941,6.612648038236274,2.0719308142837556,13.012319934966994,1.2132968991792523,228.37290160819575,1009.3829605688428,0.0,0.0,0.0,69.61142898411764,51.79694939176472,2.176470588235294,2.5294117647058822
3,20160104,3684865986.352941,36.64705882352941,5.51330062094768,0.8127797692503574,10.038113651054827,2.259222640104993,271.141789582966,1012.2624645942293,0.0,0.0,0.0,80.23336229176472,58.846588713529414,2.4705882352941178,2.7058823529411766
4,20160105,3684865987.352941,36.64705882352941,1.0474605786370494,-1.672334822040705,4.677325321737087,2.067218369865429,234.4319699907935,1015.6693095140154,0.0,0.478138528138528,0.2544747899159664,33.96517639058824,19.395670063529412,1.7647058823529411,1.8823529411764706
5,20160106,3684865988.352941,36.64705882352941,1.230512918454095,-3.12271698889346,5.644278270748861,2.2206713874360937,254.14523711582532,1014.1088972791915,0.0,0.0,0.0,49.60219292823529,29.77044054294118,2.0,2.0
6,20160107,3684865989.352941,36.64705882352941,0.6803010714775419,-1.9947689565336622,4.469662886133475,2.5753160564925275,256.5453468100527,1013.3432791718085,0.0,0.0004901960784313725,0.06046218487394959,43.23388524235295,25.853437698235297,2.0,2.0
7,20160108,3684865990.352941,36.64705882352941,-0.20768094650447597,-3.3526361873420694,3.997571448159683,2.3352743335096275,250.67068225891757,1012.4111615835145,0.041176470588235294,0.07967914438502674,0.9084714795008912,32.92220262294117,18.980457981176475,1.7058823529411764,1.9411764705882353
8,20160109,3684865991.352941,36.64705882352941,1.078117274881981,-3.03635795576972,5.874516365986955,1.946812990930638,268.0389512448336,1014.3769265048677,0.00196078431372549,0.000980392156862745,0.08370677361853832,36.28708008529412,22.203452438235296,1.9411764705882353,2.0
9,20160110,3684865992.352941,36.64705882352941,2.021554328024916,-2.021290474231651,6.809962390550627,1.8362809739280326,253.31105169340464,1015.4871441303793,0.0,0.0,0.08783193277310924,45.147927687647055,29.986466477647053,2.0,2.0588235294117645
10,20160111,3684865993.352941,36.64705882352941,-0.2289694619106383,-3.5041339053103764,4.475710857769681,2.2457087030616445,222.34231454819692,1015.1223809523809,0.011344537815126052,0.019747899159663865,0.06407563025210083,39.972055189411776,23.910887189411767,2.0,2.0
11,20160112,3684865994.352941,36.64705882352941,-1.6579053299641535,-6.104704707057647,3.710879512644218,2.351683120800768,239.00812912577618,1012.6464761708878,0.035574229691876756,0.0323720397249809,0.307501909854851,38.70722615470589,22.234897759999996,1.8235294117647058,1.9411764705882353
12,20160113,3684865995.352941,36.64705882352941,-1.001660104601281,-4.342901412313178,2.6820927112103576,2.5578269769446242,246.26273726273726,1009.7301657166364,0.4440373352138058,0.5616749916749918,3.1268192689663277,32.90541383764705,19.598511985294113,1.8235294117647058,1.9411764705882353
13,20160114,3684865996.352941,36.64705882352941,-0.6963706881353935,-4.785119782178605,3.7229494035376383,1.9861161387631976,237.08788270552978,1011.3066000665999,0.30014260249554364,0.19517492311609957,1.5533766723472606,39.275951940588236,22.436738697647055,2.0,2.0
14,20160115,3684865997.352941,36.64705882352941,0.4810379816262169,-4.261574601868721,6.630944055944055,1.2318276821217997,191.3953595424184,1011.1116975181681,0.023697478991596643,0.06254510195686667,0.08832696715049658,60.734087074117646,41.19410765529412,2.0,2.1176470588235294
15,20160116,3684865998.352941,36.64705882352941,1.4712276938747526,-3.022492311609959,7.439414605002841,1.2773391314567786,158.86992419345358,1012.1177987698575,0.009159663865546216,0.03667959491488903,0.5133132945485887,77.84796383705881,57.531965295294114,2.4705882352941178,2.764705882352941
16,20160117,3684865999.352941,36.64705882352941,2.6534052222287516,-0.4696453546453545,6.263293569175923,1.5828586119762589,162.78352040116744,1006.1540803314334,0.01372549019607843,4.846299093063799,3.669611212317095,66.68799680176471,51.159672946470586,2.176470588235294,2.588235294117647
17,20160118,3684866000.352941,36.64705882352941,-1.9261941000176293,-7.151524357994946,3.1473382499853084,4.442386241209771,300.5692053044994,1002.9543128440188,1.0768360071301246,1.2328376525435347,4.211428904428904,41.25975112764706,26.371160687647063,1.8823529411764706,2.0
18,20160119,3684866001.352941,36.64705882352941,-7.1532985641809175,-9.394614307261364,-4.1302336878807475,4.923936455701162,296.29896574014214,1010.4339872872224,1.0806990068754774,0.8415355233002293,3.5889160937102114,24.419971582352936,10.754842986823531,1.1764705882352942,1.0588235294117647
19,20160120,3684866002.352941,36.64705882352941,-6.510741219564751,-10.356152670858554,-2.1454646334058105,2.3353117470764526,215.47093102975455,1018.6968118156354,0.05378151260504202,0.026114081996434935,1.0900662083015025,34.921852832352954,23.111490787647057,1.7647058823529411,1.9411764705882353
20,20160121,3684866003.352941,36.64705882352941,-4.34831971949619,-7.789269847799259,0.08091408591408597,2.123231670290494,254.9208046855106,1017.0488477209065,0.06722689075630252,0.08298319327731092,0.14093837535014006,43.22799488823529,30.10350186588235,1.8235294117647058,2.0
21,20160122,3684866004.352941,36.64705882352941,-3.9103241856183035,-8.575497051967641,0.7252639517345401,2.5883265753853992,239.35399894223423,1019.6229252120429,0.12394957983193278,0.08571428571428572,0.13186974789915967,38.25628669117647,24.436040869999996,1.7647058823529411,1.8823529411764706
22,20160123,3684866005.352941,36.64705882352941,-6.9470052496523085,-11.217458423929013,-3.3782574288456644,3.741567158331865,282.2194570135747,1017.9150301659125,1.3345238095238097,1.506936592818946,2.9052158135981667,31.520448799411763,17.32138360882353,1.6470588235294117,1.6470588235294117
23,20160124,3684866006.352941,36.64705882352941,-10.683154590507533,-13.97247350688527,-7.337467434526258,3.3247558324028907,281.1406926406927,1014.2093362519835,1.330743570155335,1.640262286732875,3.31149452508276,28.991107019411768,17.024410077470588,1.3529411764705883,1.7058823529411764
24,20160125,3684866007.352941,36.64705882352941,-6.267808661926307,-11.88923742923743,-1.0420277761454233,2.2295548569077983,256.5587157940099,1017.7211344537815,0.315952380952381,0.35077030812324933,1.6082775655716834,45.97228356882354,22.37150560235294,1.9411764705882353,1.9411764705882353
25,20160126,3684866008.352941,36.64705882352941,-1.2318782198193963,-6.163423635188341,3.8489662298485827,2.1897886427298197,218.60826428473487,1016.7574061232883,0.15000000000000002,0.12248663101604279,2.792518305224188,62.520898882941175,35.331111175882356,2.1176470588235294,2.0
26,20160127,3684866009.352941,36.64705882352941,0.5435933674168969,-4.183692581927876,6.337999157705041,1.5650295782648722,252.66651975475511,1019.1922401128284,0.0,0.0014705882352941176,0.022058823529411766,74.54620544235296,48.47718933,2.2941176470588234,2.4705882352941178
27,20160128,3684866010.352941,36.64705882352941,0.7719562790151026,-3.7718178879943594,4.007106325047501,1.3956151691445808,166.02440696558347,1017.512666842961,0.05378151260504202,8.460940921823275,3.6740791953144893,73.52339231294116,51.85442510000001,2.235294117647059,2.4705882352941178
28,20160129,3684866011.352941,36.64705882352941,2.815823294352706,0.8579220779220779,4.9507466063348415,2.2419264069264067,165.81041507512097,1013.4933535092359,0.3384938590820944,8.666560106560107,7.614605286869992,37.58363141117647,25.413163436941176,1.588235294117647,1.7058823529411764
29,20160130,3684866012.352941,36.64705882352941,2.655157097804157,-0.6376885859238801,7.0192602495543674,1.7407273119037825,188.86632974868266,1015.1324351139056,0.040400775694893344,0.29460784313725485,1.024277095453566,33.4855072717647,23.658569292352944,1.588235294117647,1.8823529411764706
30,20160131,3684866013.352941,36.64705882352941,-0.4603417171064231,-3.0657183992478108,3.1217232767232765,2.460679222738046,279.33013065366004,1017.953938512468,0.03739495798319328,0.10378151260504201,0.058823529411764705,43.30038567411765,27.106499091176474,2.0,2.0
31,20160201,3684866083.352941,36.64705882352941,-2.6413388572212098,-5.761913282795635,1.821820336526219,2.859610193727841,266.32732953321187,1017.7845833578186,0.13137254901960785,0.1783613445378151,0.23261904761904764,33.93548250058823,18.09778583235294,1.7058823529411764,1.8823529411764706
32,20160202,3684866084.352941,36.64705882352941,-2.9050959824489238,-7.783778476425535,2.8993680828974946,2.246539049186108,234.55247693482988,1017.1421999569059,0.04341736694677872,0.03200280112044818,0.15113445378151258,39.55143758,22.389913587647058,1.8823529411764706,1.8823529411764706
33,20160203,3684866085.352941,36.64705882352941,-1.242135903312374,-7.292438639791581,5.112240798417269,1.9303355468061354,236.43893361540424,1016.9904388748507,0.011344537815126052,0.013865546218487394,0.06441176470588235,51.312706790588244,31.240419511764713,2.0,2.0
34,20160204,3684866086.352941,36.64705882352941,0.7254016571663632,-4.185523691994281,5.904650839356721,2.1547515229868175,267.1528765352295,1015.1723264970324,0.0,0.0,0.0,59.918571567647064,39.063559947647065,2.0588235294117645,2.1176470588235294
35,20160205,3684866087.352941,36.64705882352941,0.26367583396995153,-4.309586589880707,5.724396192043251,2.2412116315057493,269.7951558245676,1012.8604087089383,0.0,0.0,0.00788235294117647,43.207433545882346,23.522583015882358,1.9411764705882353,1.9411764705882353
36,20160206,3684866088.352941,36.64705882352941,-0.9455612035023799,-4.585361305361306,3.521088911088911,2.6325595972654794,280.3968188674071,1012.5115630447983,0.10850032320620553,0.26155227125815367,0.615098587686823,42.83066617176471,23.91229345882353,1.9411764705882353,2.0
37,20160207,3684866089.352941,36.64705882352941,-1.2728693855164446,-7.062673894732718,5.154130379424497,1.7258460167283696,237.94508432743726,1012.0784450843273,0.0,0.0028711484593837537,0.05021708683473389,39.546519188235294,24.32363859588235,1.8823529411764706,1.9411764705882353
38,20160208,3684866090.352941,36.64705882352941,2.2695188145188148,-4.743322657734422,7.749644766997708,2.781635423400129,233.8118254294725,1006.910751797222,0.0,0.09800904977375566,0.04330316742081448,59.8182866882353,37.36098161529412,2.0,2.0
39,20160209,3684866091.352941,36.64705882352941,3.0407398483869077,-1.3364799905976377,7.855948757125227,3.11610820551997,265.23865350335944,1011.4693642631879,0.0,0.014932126696832578,0.021654815772462834,53.53862861588236,29.045384292352942,2.0,2.0
40,20160210,3684866092.352941,36.64705882352941,3.168802765861589,-3.8462804842216607,11.320732306908775,1.4358444496679794,148.26178723237547,1015.8242439913028,0.0,0.0,0.0,41.67086063529412,23.883794224117647,2.0,1.9411764705882353
41,20160211,3684866093.352941,36.64705882352941,7.619400697341873,0.027186441009970357,14.28958747135218,2.3184061037002217,142.0291767056473,1014.9789530077767,0.0,0.8281372549019607,0.7751292335115864,48.644298538823534,27.88855138705882,2.0,2.0
42,20160212,3684866094.352941,36.64705882352941,10.357485259838203,7.657083896495662,12.446684296096063,2.1753166441401737,169.51002918649976,1008.2419236645709,0.0,22.18577363812658,9.827252424046543,33.373758972941175,22.10113708,1.7058823529411764,1.8823529411764706
43,20160213,3684866095.352941,36.64705882352941,12.331885565414975,7.804527237468413,16.617091437973798,2.143709231944526,150.09344576991637,997.9477274686099,0.0,14.364351922587215,5.81387123660653,22.689229369411766,15.234621682411765,1.0588235294117647,1.411764705882353
44,20160214,3684866096.352941,36.64705882352941,1.2582850482850487,-3.0670812520812523,9.70548882490059,4.634114414996767,291.5047599459364,1003.245006757948,0.04605042016806723,0.5499171416818476,3.465265381677146,28.07160674588235,15.510115252352943,1.4705882352941178,1.6470588235294117
45,20160215,3684866097.352941,36.64705882352941,-2.9323741944330175,-5.966391647568119,0.3959499324205207,3.8582824038706387,283.98858004740356,1010.2830482262837,0.4714031066972244,0.49389199036257864,2.4073275352098884,29.672705035294115,12.78549944752941,1.4705882352941178,1.1176470588235294
46,20160216,3684866098.352941,36.64705882352941,0.15219359072300243,-3.952878102289867,4.203954574836928,3.2681599772776244,269.26323676323676,1008.8315106462168,0.48335948365360126,0.4820072084777967,2.6928466337583994,31.791454487058818,17.80850875588235,1.588235294117647,1.8823529411764706
47,20160217,3684866099.352941,36.64705882352941,1.5789975710563946,-3.261859708918532,6.715517129928894,2.4018378680143386,254.53411294587767,1014.1411908679556,0.025744843391902215,0.030506748153806978,0.2441564807741278,33.01741590882353,15.038080725882352,1.7058823529411764,1.411764705882353
48,20160218,3684866100.352941,36.64705882352941,3.9792494760141817,-2.226307320130849,9.686012418953597,2.5336525239466416,231.19600007835302,1012.6956900942195,0.0,0.014298642533936654,0.04048868778280543,42.18996350117647,23.349494471764707,1.8823529411764706,1.9411764705882353
49,20160219,3684866101.352941,36.64705882352941,4.807898376133671,0.678125893714129,8.948382891618186,1.5931573328632154,206.85388141270496,1016.0872654796183,0.0,0.14988687782805432,0.01764705882352941,73.08788769117648,42.252608566470585,2.2941176470588234,2.0588235294117645
50,20160220,3684866102.352941,36.64705882352941,3.7682594856124267,-0.0325417719535367,8.790663943899238,2.6685654541536894,274.625629272688,1012.2793403655169,0.0,0.10777310924369747,0.2527192415427709,60.84470857529412,30.187740084117642,2.0,2.0
51,20160221,3684866103.352941,36.64705882352941,1.2590946308593367,-2.9215707821590176,6.113513153513154,2.4351432880844643,270.89548686607515,1019.4172309063484,0.0008403361344537816,0.0,0.017528011204481792,31.43065257411765,14.52903820235294,1.4705882352941178,1.411764705882353
52,20160222,3684866104.352941,36.64705882352941,3.0574641045229285,-0.8862200544553486,6.826036806330926,1.338276233570351,217.4610193727841,1019.5791389982566,0.003921568627450981,0.41333333333333316,0.5677926093514329,43.19661064352941,22.972494121764708,2.0,2.0
53,20160223,3684866105.352941,36.64705882352941,3.4756100761983113,-0.9928524416759712,8.435530743766037,2.7246290963938025,281.1356976356976,1018.4500973536267,0.07535229476405947,0.2219931049342814,0.6155755812814636,64.77911663235294,33.438064121176474,2.0588235294117645,2.0
54,20160224,3684866106.352941,36.64705882352941,-0.7413323930970989,-4.2586551683610505,3.7616519754755053,2.761029950441715,244.83795616148558,1022.1055502340797,0.08111398405516052,0.26666127989657407,0.5485342598577894,30.184256808823527,16.635248889411766,1.588235294117647,1.7058823529411764
55,20160225,3684866107.352941,36.64705882352941,0.7712087912087912,-4.826603396603397,6.228598754186989,2.5086092339033517,271.3159585512526,1022.8555937200055,0.06008403361344539,0.04493937435113906,0.07398082309847016,42.971772642941175,24.16051215235294,2.0,2.0
56,20160226,3684866108.352941,36.64705882352941,3.2234197175373644,-1.731733070850718,7.6373784059078185,1.876652171358054,217.83074768368883,1018.2925884899414,0.43706646294881585,0.8533677107206518,1.7898018843901198,68.49183522294118,46.37023465588235,2.176470588235294,2.3529411764705883
57,20160227,3684866109.352941,36.64705882352941,5.907620418796889,2.1303373097490748,11.076838945368356,2.0248074474545064,235.66920334567394,1013.8731918081918,0.014509803921568627,1.1701878513643216,1.4664204716851774,80.16315553705883,53.27189751823529,2.4705882352941178,2.6470588235294117
58,20160228,3684866110.352941,36.64705882352941,4.446886544827721,0.15712992889463462,10.301644238114827,2.3206786350904003,215.44029499911852,1010.8992625022038,0.9619004524886876,5.759802060684413,2.560913772502008,70.90582149058824,49.656195077058825,2.2941176470588234,2.5294117647058822
59,20160229,3684866111.352941,36.64705882352941,-1.5885902332961157,-4.482703472997592,1.665675598910893,3.92048373195432,283.51605257487614,1014.7697093102975,0.3446778711484594,0.41256674697851164,2.0066521713580534,44.586369957647044,24.67075118058824,2.0,1.9411764705882353
60,20160301,3684866183.352941,36.64705882352941,-1.012535209888151,-6.524465926230632,4.538117470764529,2.3944911950794308,261.0940334175628,1017.475996846291,0.0008403361344537816,0.000980392156862745,0.028452380952380955,34.73044828176471,21.53486430705882,1.7647058823529411,1.8823529411764706
61,20160302,3684866184.352941,36.64705882352941,3.792272433448904,-3.0573315899786486,10.57215735245147,2.342906994965819,224.35214785214782,1015.2512404262403,0.0,0.0,0.0,39.74171540470588,23.89103901888235,1.8235294117647058,1.9411764705882353
62,20160303,3684866185.352941,36.64705882352941,8.0643795420266,1.1911655991067756,15.43089371412901,1.9003332941568236,190.64207361266182,1013.7867192611311,0.0,0.13438375350140055,0.06299719887955181,48.524072677647055,28.001141413529414,1.9411764705882353,1.9411764705882353
63,20160304,3684866186.352941,36.64705882352941,10.319824978942627,6.046247673894733,14.29514779338309,1.6382699653287887,125.02706117412002,1014.7597598479954,0.0,11.140408708938123,5.022856153650271,53.9022369917647,34.892908046470595,1.9411764705882353,2.0588235294117645
64,20160305,3684866187.352941,36.64705882352941,12.397783491018785,8.686929736929738,16.163231278525394,2.899968756733462,163.11986053162522,1009.9540194119605,0.0,27.294642710230946,3.9139108832344127,32.91227535117647,20.721103477823533,1.411764705882353,1.6470588235294117
65,20160306,3684866188.352941,36.64705882352941,10.585941215647098,6.292971146500559,15.500004211474803,1.9666724452018571,242.37038451744337,1008.4937451763923,0.0,4.157985347985349,1.7901848739495798,62.581599519411775,24.422843155294114,2.235294117647059,2.0
66,20160307,3684866189.352941,36.64705882352941,9.451934927817279,4.44134483163895,15.36089097177332,1.677048441754324,200.62907680554738,1008.059907543437,0.0,0.0021390374331550807,0.2795490196078431,82.91466587352942,30.433535401176474,2.5294117647058822,2.0
67,20160308,3684866190.352941,36.64705882352941,6.0221800748271335,2.507221797810033,9.354086501733558,2.4846290963938023,233.61000763941936,1011.0912992889464,0.0,2.753081232492997,1.5701266870384518,71.60130527117646,25.918817469411767,2.0588235294117645,2.0
68,20160309,3684866191.352941,36.64705882352941,3.1467831188419417,0.3603170359052711,8.262782413664766,3.089994515288633,226.52411314176015,1011.7784189340069,0.03025210084033613,3.199373175843764,0.9877574876104288,40.823403886470594,16.067458750588237,2.0,1.7647058823529411
69,20160310,3684866192.352941,36.64705882352941,1.514155060625649,-1.4716525631231514,5.8278162034044385,3.2227773207184973,262.84602652249714,1014.7372364890012,0.006302521008403361,0.017582417582417582,0.10946778711484591,35.696514004117645,14.82888831117647,1.8823529411764706,1.3529411764705883
70,20160311,3684866193.352941,36.64705882352941,1.03134306869601,-3.2915220074043607,6.124341736694679,2.553284362696128,274.66202425025955,1014.4441847368319,0.005742296918767507,0.0029411764705882357,0.19390056022408964,36.459462895294116,18.464820422941177,1.9411764705882353,1.9411764705882353
71,20160312,3684866194.352941,36.64705882352941,2.9668798848210614,-3.307695147989266,8.853588666235726,1.950347005935241,226.4121466768526,1014.6195147009851,0.0,0.0,0.01508403361344538,53.415144999999995,25.343010696470586,2.0,2.0
72,20160313,3684866195.352941,36.64705882352941,4.611978119919295,1.5740303813833223,8.459315292550587,1.3633959178076824,170.38503653209534,1013.1363076139547,0.0,0.6726977924036748,0.5515361990950225,70.72336242529411,43.75494986117647,2.411764705882353,2.3529411764705883
73,20160314,3684866196.352941,36.64705882352941,4.660224677283502,0.5137223560752974,10.22341070694012,2.299395996160702,237.386182445006,1011.6504038118745,0.0,0.023529411764705882,0.06023163111398405,75.71417542294117,53.55663091588235,2.2941176470588234,2.7058823529411766
74,20160315,3684866197.352941,36.64705882352941,6.011081859317154,-1.527876241405653,13.23488011988012,1.7357535601653251,234.23409923409923,1013.0427735010085,0.0,0.0,0.0,63.838040418235295,39.246203030000004,2.0588235294117645,2.0
75,20160316,3684866198.352941,36.64705882352941,8.937193590723002,3.505077569489334,16.163126383420504,1.865413312178018,239.75575404987168,1011.4319796869795,0.0,0.0,0.0,66.61326105294117,40.46624704705882,2.0588235294117645,2.0
76,20160317,3684866199.352941,36.64705882352941,10.459447317388493,1.6603850071497126,17.90890766096649,1.6154283951342776,182.35751503398558,1009.8216137783784,0.0,0.20160427807486628,0.11480392156862745,66.44320824941175,41.74508138058823,2.235294117647059,2.235294117647059
77,20160318,3684866200.352941,36.64705882352941,11.539104327045505,8.453184854361325,15.404675422616599,1.5557557148733618,173.35207929325574,1002.0533580145345,0.0,10.580171397230222,5.987799210593328,47.72534534588235,32.59419831823529,1.7647058823529411,2.0
78,20160319,3684866201.352941,36.64705882352941,10.693850757086052,6.049923801688508,17.033152044034395,2.219816262169203,190.31458737341092,1004.7485528197292,0.0,0.0,0.0,65.33997344882354,38.8545841917647,2.0588235294117645,2.0
79,20160320,3684866202.352941,36.64705882352941,8.805489020783137,4.069991283226577,14.50893508452332,2.0393595620066205,171.59793148028442,1011.0470334567392,0.0,0.0004901960784313725,0.009852941176470589,62.51348781235294,35.1719666482353,2.1176470588235294,2.0
80,20160321,3684866203.352941,36.64705882352941,9.127752835399894,3.386655599302658,15.868470940823881,1.788463105521929,211.39312648136175,1012.9447134238311,0.0,0.0,0.0,54.277108999411766,32.680901795882356,2.0588235294117645,2.0
81,20160322,3684866204.352941,36.64705882352941,9.432165481577245,2.7186143268496212,16.633673875144467,2.171444437915026,248.42340012928253,1008.6311586452764,0.0,0.0,0.0,58.77273043117648,37.69585558117646,2.0,2.0588235294117645
82,20160323,3684866205.352941,36.64705882352941,8.316443360561006,4.572155491567256,13.716741004093944,2.7329144385026742,211.62059509118333,1009.0330165912519,0.0,0.2682934712346477,0.29471234647705236,61.04254399117649,37.53099444294117,2.1176470588235294,2.0588235294117645
83,20160324,3684866206.352941,36.64705882352941,6.667010048774755,1.8786972831090476,12.127523358993946,2.5544121564709803,179.8695716048657,1013.9014742120625,0.0,0.2276007326007326,0.9897737556561087,37.47306895294117,19.537502202941173,1.6470588235294117,1.8823529411764706
84,20160325,3684866207.352941,36.64705882352941,6.225808799044095,1.9506264323911382,11.53464319993732,1.8365271982919043,215.94621065209301,1013.9145183248125,0.0,0.3850096961861667,0.9400678733031674,48.80514053588236,27.40825563294118,1.7647058823529411,1.9411764705882353
85,20160326,3684866208.352941,36.64705882352941,5.89720818397289,0.9511003702180171,11.986277448042154,1.883345380110086,224.7470274823216,1011.2262907680554,0.0,1.1180995475113122,1.0016806722689078,53.35933638117647,35.88841812117647,1.9411764705882353,2.0
86,20160327,3684866209.352941,36.64705882352941,7.2938342050106755,0.7468766527590056,14.219285518403167,2.235873244402656,267.59085032614445,1009.8827430412724,0.0,0.00504201680672269,0.0,57.599147437647055,38.32900054352941,2.0,2.0
87,20160328,3684866210.352941,36.64705882352941,9.677575757575758,1.4077952439717143,17.459509020391373,2.122667626491156,233.2868308162426,1011.304980705569,0.0,0.0,0.0,67.47950249235295,42.64293267352941,2.0588235294117645,2.1176470588235294
88,20160329,3684866211.352941,36.64705882352941,11.94430931813285,5.920340835634953,17.371898787487023,3.2674024994613227,220.19096589684824,1009.3881603690429,0.0,0.024102564102564106,0.10204524886877828,83.03658868176471,49.25657316529412,2.6470588235294117,2.588235294117647
89,20160330,3684866212.352941,36.64705882352941,13.087787898376135,7.385038490920844,20.115348964760727,2.036435525259055,241.79777085659438,1009.2854541536896,0.0,0.0,0.0,74.06662598882352,42.278476302352935,2.235294117647059,2.1176470588235294
90,20160331,3684866213.352941,36.64705882352941,12.806867152455387,5.777438541850308,20.53863567804744,1.4360870502046974,200.70705764823416,1006.2367075081781,0.0,0.008823529411764707,0.09147058823529411,73.14977600764706,39.26120220529412,2.3529411764705883,2.2941176470588234
91,20160401,3684866283.352941,36.64705882352941,13.857392999157709,5.518542046189106,22.89533143327261,1.7245456504280035,190.84355840238194,1005.1227061174119,0.0,0.0,0.0,79.77757974000002,44.78724347470589,2.4705882352941178,2.3529411764705883
92,20160402,3684866284.352941,36.64705882352941,14.39244902156667,6.854297956945015,21.57203776615541,1.944214217155394,213.1906328965152,1008.1362867524632,0.0,0.0,0.0392156862745098,75.6406340264706,44.62575406235294,2.411764705882353,2.176470588235294
93,20160403,3684866285.352941,36.64705882352941,12.190665608900902,9.432458423929011,15.571518971224851,1.7406885271591153,158.01701239936534,1006.6432519441345,0.0,7.442220622514739,4.094305449452508,55.90315412411765,39.44505456411764,2.1176470588235294,2.235294117647059
94,20160404,3684866286.352941,36.64705882352941,11.690684021860491,8.104875712522771,16.12700926524456,2.0844471215059452,192.7195647489765,1003.2257908757907,0.0,1.4947098979451918,2.0027514642220527,27.902656115882355,15.137418291647059,1.411764705882353,1.2941176470588236
95,20160405,3684866287.352941,36.64705882352941,12.173092006033182,5.944615972263031,19.24788926759515,2.0529922038745565,221.95616148557323,1005.8019335566396,0.0,0.0,0.0,45.413365595294124,20.875815890588235,1.9411764705882353,1.9411764705882353
96,20160406,3684866288.352941,36.64705882352941,13.260350237997299,6.473283187400834,21.250566982037572,2.095345928581223,118.69911461087929,1005.3004063583476,0.0,12.769497365379717,3.034134101192925,61.553831462941176,32.64336480235295,2.0588235294117645,2.0
97,20160407,3684866289.352941,36.64705882352941,12.894935064935064,9.480490685784803,18.056715049656223,2.2765008520890877,233.89976689976686,998.4828211984095,0.0,21.66195921725333,5.357670035846506,27.72225840294118,17.009287513411763,1.2941176470588236,1.588235294117647
98,20160408,3684866290.352941,36.64705882352941,13.774810483634013,8.42343715108421,21.070544357603175,2.1329645844351726,242.89579048402575,1004.7603884350945,0.0,0.0,0.005637254901960784,64.78743626647058,30.596369194117642,2.1176470588235294,2.0
99,20160409,3684866291.352941,36.64705882352941,14.79465416936005,8.834431940608411,21.395878729114024,1.8910486572251282,231.59335762276936,1003.5616683316684,0.0,0.014901960784313724,0.029411764705882353,112.38304440882354,47.44710376235294,3.0,2.3529411764705883
100,20160410,3684866292.352941,36.64705882352941,14.11362715715657,9.093515993810112,21.15536894478071,2.1703035200094023,187.90788623141566,1003.0334287281345,0.0,0.16609566903684553,0.14780112044817928,113.50498974764707,51.53513859294118,2.9411764705882355,2.588235294117647
101,20160411,3684866293.352941,36.64705882352941,11.397438345967757,7.286480676186558,16.725565219094634,2.631448061742179,143.60130066012417,1009.2372063230886,0.0,0.0740142210730446,0.30093729799612157,55.23438787647059,27.705030776470586,2.1176470588235294,2.1176470588235294
102,20160412,3684866294.352941,36.64705882352941,13.10222013280837,6.90559048794343,19.278161250514188,2.298810013515896,147.85730935730936,1005.3695506454332,0.0,0.3737267634326457,0.4064368474662593,47.84046638764705,24.930054039999998,2.0,2.0
103,20160413,3684866295.352941,36.64705882352941,14.406362265185795,11.389992262639323,18.553025601849136,1.5656675677263914,189.85686862157445,996.8531293216586,0.0,14.920146128381422,5.310860355330943,36.80633583235294,21.96609421941177,1.7647058823529411,1.8823529411764706
104,20160414,3684866296.352941,36.64705882352941,14.920174335468454,10.144476210064445,21.10559656030244,2.233952811893989,262.6205559146735,1001.6999893244011,0.0,0.0,0.0,51.703985497058824,27.690908408235295,2.0,2.0
105,20160415,3684866297.352941,36.64705882352941,14.264067599067598,7.29233580145345,21.69931979784921,2.2391669115198525,197.6441793500617,1008.962619439384,0.0,0.0,0.0,50.43202771882353,27.11038500470588,2.0,2.0
106,20160416,3684866298.352941,36.64705882352941,14.698912655971482,8.481911519852696,20.393517658811774,2.9320877162053636,136.80082662435606,998.0401178233532,0.0,28.56398611192729,4.957726547961843,47.74200846294118,25.155351148823527,2.0,2.0
107,20160417,3684866299.352941,36.64705882352941,13.046404281992515,10.1614319014319,17.214959942018766,5.197062643239114,268.6774989716166,995.6325036727978,0.0,10.589401187048246,2.2719658282893573,40.10128930235295,16.069201143705882,1.8823529411764706,1.5294117647058822
108,20160418,3684866300.352941,36.64705882352941,12.886407024348202,8.638688860159448,18.597102015631425,3.091061193708253,246.45371295371297,1004.8547864880217,0.0,1.116563338622162,0.5938799142034435,52.02145913,21.925960052352945,2.0,2.0
109,20160419,3684866301.352941,36.64705882352941,12.731607608078198,7.782229633111988,19.027455877455875,2.1316619654854945,247.1610448375154,1012.1210403322167,0.0,0.003167420814479637,0.0,43.07167641823529,23.026520807647064,2.0,2.0
110,20160420,3684866302.352941,36.64705882352941,14.094386299974538,7.954232825997531,20.029170339464457,1.9425625355037126,174.99376114081994,1008.6998077412782,0.0,0.8789494818906584,1.7265837104072397,52.08484962705882,28.38607480058824,2.0,2.0
111,20160421,3684866303.352941,36.64705882352941,14.014621750798222,11.1387514446338,17.375906348553407,2.158941352764882,161.56384791678911,995.8295733678087,0.0,26.589272492213667,6.258354909796087,27.058960128823532,17.274672503529413,1.2941176470588236,1.7647058823529411
112,20160422,3684866304.352941,36.64705882352941,16.52972458913635,11.40498383968972,23.421506532683,2.383870247399659,239.68754774637125,999.1536083524319,0.0,0.0,0.029411764705882353,60.57883346529411,35.58757800058823,2.0588235294117645,2.0
113,20160423,3684866305.352941,36.64705882352941,15.109100409394527,11.18585179526356,20.391815831227596,1.6455567961450315,239.41455603220302,1002.6916117216118,0.0,0.13088235294117648,0.08426470588235295,173.7383392982353,53.535596115294126,3.764705882352941,2.6470588235294117
114,20160424,3684866306.352941,36.64705882352941,14.876807604160545,8.170550038197097,22.265920452096925,1.9108060566884095,181.9684237331296,1004.8229175726237,0.0,0.0,0.0,151.72294794117647,35.3768618464706,3.5294117647058822,2.0588235294117645
115,20160425,3684866307.352941,36.64705882352941,16.38539254862784,8.501180094415387,24.719877671348257,1.6123822256175195,195.25627313862609,1007.1068755754048,0.0,0.0,0.0,91.24501931705882,28.846944546470592,2.8823529411764706,2.0
116,20160426,3684866308.352941,36.64705882352941,17.692995925642983,9.650065130947484,26.068490235254934,2.139832716303305,119.8604336839631,1004.786986934634,0.0,1.705506748153807,0.7294652406417113,77.21154386235295,30.28499755705882,2.3529411764705883,2.0
117,20160427,3684866309.352941,36.64705882352941,12.986686842569195,11.271802902979374,16.282490842490837,3.2097915809680515,107.06403400521047,998.524636637872,0.0,21.710182856359324,8.488964858670741,35.179919466470594,15.341531922235292,1.588235294117647,1.6470588235294117
118,20160428,3684866310.352941,36.64705882352941,13.840992634816164,10.002520126931891,19.135724765430645,2.0755072378601787,180.96360502242857,997.6729882862235,0.0,2.5073083778966136,3.009940157881334,37.86489999058823,16.500870795294112,1.7647058823529411,1.588235294117647
119,20160429,3684866311.352941,36.64705882352941,14.644547903077315,8.962309259368082,21.01914056531703,2.1011948835478247,220.04980313803844,1002.2628861334742,0.0,0.04495798319327731,0.04755656108597285,53.28009485882353,25.073074487058822,2.0,2.0
120,20160430,3684866312.352941,36.64705882352941,16.3705500381971,9.293463693169576,23.05534054181113,2.8343959961607017,224.6567843920785,1002.3321270885976,0.0,0.005138978668390434,0.01332579185520362,63.202857521176476,30.985250134117646,2.1176470588235294,2.0
121,20160501,3684866383.352941,36.64705882352941,18.329533016003605,11.22391618185736,25.62909766703885,2.4702308475837884,216.0367671544142,1004.0302963702964,0.0,0.0,0.0,46.562850765294115,23.407852054117647,2.0,2.0
122,20160502,3684866384.352941,36.64705882352941,19.278985230455817,12.898686999275235,26.027363225010284,2.754912930207048,162.8520205284911,1002.3351698301699,0.0,8.472146970676382,2.886679594914889,41.17315981176471,21.235596810588238,2.0,2.0
123,20160503,3684866385.352941,36.64705882352941,15.110878435290203,11.730752678693854,19.355179918121095,5.246564220093631,231.22423654776594,987.9020628391216,0.0,29.265521537286247,7.585627911304382,23.243606461176473,11.01131049317647,1.1176470588235294,1.0588235294117647
124,20160504,3684866386.352941,36.64705882352941,17.141410060527708,11.851565297447648,22.513366731307908,5.1185059058588465,262.6815145638675,995.5090853264383,0.0,0.0803038138332256,0.06484162895927602,55.692448321176464,15.968617125235292,2.0588235294117645,1.411764705882353
125,20160505,3684866387.352941,36.64705882352941,18.413220700867754,10.034921940804294,25.93546835517424,2.2837935593817953,181.8737243149008,1003.5871329650741,0.0,2.0665641221523576,0.583433419521655,47.81515341294117,20.589340380588233,2.0,1.8823529411764706
126,20160506,3684866388.352941,36.64705882352941,17.969663669663674,14.187666745019685,22.092859591389004,2.4716926211043857,200.57912675559731,997.2059058588471,0.0,2.9047786527198296,1.7757203091026617,36.095466434705884,17.978363534705885,1.7647058823529411,1.7647058823529411
127,20160507,3684866389.352941,36.64705882352941,17.14486728957317,11.773755754049871,23.282633640868934,2.5122904546433955,265.30723198370254,1003.6402857926388,0.0,0.0,0.0,135.2756920470588,31.191154865882353,3.2941176470588234,2.0
128,20160508,3684866390.352941,36.64705882352941,17.92561418973184,10.347882019940844,25.00170094611272,1.7756104679634088,170.67539323421676,1005.9384837711308,0.0,0.18760504201680672,0.18355042016806722,70.2914155847059,21.63365207882353,2.235294117647059,2.0
129,20160509,3684866391.352941,36.64705882352941,18.246431313784253,14.104288260758848,23.32378258995906,1.361598695422225,195.77886819063292,1000.4913354292767,0.0,0.16327985739750447,1.3524789915966389,62.78815413294117,25.16433438529412,2.0,2.0
130,20160510,3684866392.352941,36.64705882352941,14.043151750210573,12.268223051458344,17.274039783745668,2.041725529372588,180.00128303069482,995.826332686921,0.0,20.533114336643752,8.283316879199232,32.59118415588235,18.823130508235295,1.7647058823529411,1.8235294117647058
131,20160511,3684866393.352941,36.64705882352941,15.887995435936613,11.596728173786998,21.79042800336918,1.8733888660359248,230.2100350629762,999.51908160467,0.0,0.920750034279446,0.7383811188811191,25.893108932352938,13.818166918823529,1.1764705882352942,1.2941176470588236
132,20160512,3684866394.352941,36.64705882352941,17.899365340541816,11.374919100507338,24.564155354449472,2.3931839728898545,215.84915084915087,1003.2286103112574,0.0,0.0,0.0,32.928216407647064,18.516317622941173,1.7058823529411764,1.9411764705882353
133,20160513,3684866395.352941,36.64705882352941,16.82152974476504,12.495004799122444,22.36397053926466,2.2079834871011346,221.79792756263345,1009.6755168361051,0.0,0.04399071516718575,0.2181826408885232,37.36032395823528,21.22061827647059,1.9411764705882353,2.0
134,20160514,3684866396.352941,36.64705882352941,17.851986542868893,11.846929932812285,24.092380266792027,2.35694844371315,134.02447552447552,1011.5136024759554,0.0,0.0,0.0,34.00972100294118,17.725268706470587,1.6470588235294117,1.6470588235294117
135,20160515,3684866397.352941,36.64705882352941,18.32875085698615,12.25252365281777,24.257257056668823,2.972756850992145,187.23289455642396,1000.597578989638,0.0,12.701328867211219,3.026336555601262,32.1139159082353,18.47401731882353,1.8235294117647058,2.0
136,20160516,3684866398.352941,36.64705882352941,15.347597892303774,10.160897533838712,21.367331100272278,3.121269123033829,251.55629664453195,1000.1889140271494,0.0,6.36299161622691,3.148893841452665,31.278833801764705,16.299283028235294,1.5294117647058822,1.5294117647058822
137,20160517,3684866399.352941,36.64705882352941,18.044957395545637,9.35795116648058,26.24086932675168,1.6721806624747801,234.00024485318602,1005.6387064895888,0.0,0.0,0.0,51.51497130411764,28.26197661941177,2.0,2.0
138,20160518,3684866400.352941,36.64705882352941,20.55560635442988,12.010189516365989,28.917764392470275,1.4318751836398895,205.86533074768369,1007.7268550077373,0.0,0.0,0.0,55.52572388882352,32.782255703529415,2.0,2.0
139,20160519,3684866401.352941,36.64705882352941,20.948604140957084,13.4140637793579,28.889020489314607,1.523991498697381,147.64177978883862,1007.5815342500636,0.0,0.0,0.0,49.75608556588235,29.662023895294116,2.0,2.0
140,20160520,3684866402.352941,36.64705882352941,20.760956984192276,13.242280562574683,28.31642759201583,1.767726391255803,133.85545826722299,1007.5625937787702,0.0,0.0,0.0,49.640196391764704,30.40703467764706,2.0,2.0
141,20160521,3684866403.352941,36.64705882352941,20.931504573857517,13.95946435917024,27.928517854694324,1.9782760376878021,118.8505220269926,1008.0456695265519,0.0,0.0,0.0,43.158569237647065,26.792818971764707,2.0,2.0
142,20160522,3684866404.352941,36.64705882352941,20.91636931695755,13.672552839317547,28.17480676186559,1.9415640242110834,126.15981077745785,1006.4177506806918,0.0,0.0058823529411764705,0.025441176470588234,48.42259295411765,33.02104163176471,2.0,2.0
143,20160523,3684866405.352941,36.64705882352941,21.110076590076595,13.832154120389413,27.86836810248575,1.8052853029323614,174.10403322168028,1002.9261416034943,0.0,0.32232277526395176,0.19549773755656108,54.96058165882353,35.48328861117648,2.0,2.0
144,20160524,3684866406.352941,36.64705882352941,17.980252982311804,15.293088578088577,21.243655462184876,2.325727311903783,222.6816125051419,997.3599920667567,0.0,21.228302775655717,4.633457356369122,29.423447322941175,19.587918559411765,1.5294117647058822,1.8823529411764706
145,20160525,3684866407.352941,36.64705882352941,19.31474780121838,13.806639536933654,25.153714129008247,1.8438247047070575,229.77752639517345,999.8804558186913,0.0,0.0,0.0,61.53857080705884,41.21420507117647,2.1176470588235294,2.176470588235294
146,20160526,3684866408.352941,36.64705882352941,20.429544377191434,15.558043035395974,25.510446710152593,1.5497832559597264,260.2292217586335,1000.0136228477405,0.0,0.05496983408748114,0.18808549293843413,85.82905204647058,60.36347418235294,2.7058823529411766,2.9411764705882355
147,20160527,3684866409.352941,36.64705882352941,21.562027090556505,17.18773931950403,27.28823637147167,1.5506831403890229,189.65720553955848,1001.1935488041371,0.0,0.4572956455309396,0.5285644257703082,81.29939372294118,53.736846514117644,2.4705882352941178,2.7058823529411766
148,20160528,3684866410.352941,36.64705882352941,20.89558833323539,16.739596775773247,26.666074024015206,1.5747278211984095,239.6102622867329,997.976665001665,0.0,0.8882416603004839,0.8723039215686273,68.48865449529411,42.09439474294118,2.0588235294117645,2.235294117647059
149,20160529,3684866411.352941,36.64705882352941,20.21256087050205,16.18556502321208,26.05258525787937,1.6734217743041273,265.49625864331745,994.6803288867995,0.0,0.9732098293863,0.7540418894830659,61.548893344117644,37.511945871176465,2.0588235294117645,2.0
150,20160530,3684866412.352941,36.64705882352941,21.43290219584337,15.076269710681473,28.243626667450197,2.029736342089283,244.84259857789263,996.7943698458405,0.0,0.0,0.0,72.27427037705881,44.34836494058824,2.2941176470588234,2.235294117647059
151,20160531,3684866413.352941,36.64705882352941,21.745988913047736,15.94666167166167,27.946294783647723,1.9731551781551782,248.01442674972094,997.3794922724333,0.0,0.0,0.00044117647058823526,69.28523720647058,42.68930828,2.0588235294117645,2.0
152,20160601,3684866483.352941,36.64705882352941,21.1733261836203,16.41029852500441,26.385809092867913,2.3432976827094474,107.30976866270984,997.6935946406537,0.0,0.0,0.01647058823529412,47.979873624117644,26.154047374705875,2.0,1.9411764705882353
153,20160602,3684866484.352941,36.64705882352941,20.67742463418934,14.232583886701534,27.035894399717932,1.8832758418052535,179.24483359777477,1000.575150241915,0.0,0.0022624434389140274,0.0,38.43079609,20.526898850823528,1.7058823529411764,1.6470588235294117
154,20160603,3684866485.352941,36.64705882352941,21.712048931460696,15.255449158684447,27.974155452390747,1.8160493428140487,202.66888013946837,1000.7766297428066,0.0,0.0027149321266968333,0.0026470588235294116,44.89082997705882,25.274665600588236,2.0,1.9411764705882353
155,20160604,3684866486.352941,36.64705882352941,19.3495173453997,16.353211690270513,23.054807153630687,1.6089053103758986,201.45458463105518,998.9523042643632,0.0,4.346036120742003,3.541654952890247,44.303858682941176,26.275846281117648,1.8235294117647058,1.9411764705882353
156,20160605,3684866487.352941,36.64705882352941,21.260793324322737,15.319853871618577,27.24781091457562,2.268391902215432,144.99990205872558,1000.8443089263678,0.0,0.012184873949579832,0.06602941176470589,36.44396362941176,21.737462857,1.5294117647058822,1.6470588235294117
157,20160606,3684866488.352941,36.64705882352941,19.81942684766214,17.434548196901137,22.758491802315334,1.9607601222307105,135.59925368748898,1002.8469838984544,0.0,1.0184867093690624,2.7368434604611074,26.915030088823528,16.145316585117648,1.3529411764705883,1.588235294117647
158,20160607,3684866489.352941,36.64705882352941,21.164243011890076,18.040004309416073,25.788415799886394,1.3601097921686156,212.35204991087343,1000.4642817966349,0.0,0.426749035278447,0.9062739613327848,36.35204108470588,22.78762649117647,1.8235294117647058,1.9411764705882353
159,20160608,3684866490.352941,36.64705882352941,21.116354527825116,18.184745156803984,25.16583827936769,1.4112330806448454,222.04863763687294,999.7317941862059,0.0,1.4748922645981468,0.4142296918767507,44.21170698294118,29.15615664823529,2.0,2.0
160,20160609,3684866491.352941,36.64705882352941,22.277331589978647,17.667642161759805,28.10377455877456,1.589479050361403,181.61154531742767,1001.0371752757046,0.0,0.02699849170437406,0.04602941176470588,49.65153233352941,32.27166188235294,2.0,2.0
161,20160610,3684866492.352941,36.64705882352941,23.10656529744765,18.173249397661163,28.89840512428747,1.808665452194864,179.7097706215353,1002.0266873322755,0.0,0.0,0.0,53.10418817764705,34.93226456470588,2.0,2.0588235294117645
162,20160611,3684866493.352941,36.64705882352941,23.692505925447104,19.676652759005698,28.2366359131065,1.8783771130829958,185.26181661475778,1000.3537258819612,0.0,1.2789564357211418,0.6258332451861862,45.61385774,29.58578858411764,2.0,2.0
163,20160612,3684866494.352941,36.64705882352941,23.04554817731288,20.617630702630702,26.084050263462025,1.3478364772482416,193.63204442616205,995.774304714893,0.0,1.9276909365144657,1.2740575502928444,33.411261035882355,21.788514887058824,1.7058823529411764,2.0
164,20160613,3684866495.352941,36.64705882352941,22.636589391001152,19.37897171455995,27.69026845703316,1.8937584964055552,223.19676402029341,992.3803114532527,0.0,0.12983780924957397,0.09634776987718165,44.71223733,28.10648832941176,1.8235294117647058,2.0
165,20160614,3684866496.352941,36.64705882352941,22.313783863195628,18.48173777203189,27.57822050498521,1.8817582417582417,188.81682043446747,993.6051230142407,0.0,0.2704912734324499,0.35747948130301066,46.10676790882354,29.333682294117647,2.0,2.0
166,20160615,3684866497.352941,36.64705882352941,21.665326242385063,18.84784049284049,24.97614503143915,2.4404520969226855,178.02975455916635,991.597829915183,0.0,5.6040519284636945,2.863139203933321,36.397753797058826,22.755426426470585,1.9411764705882353,2.0
167,20160616,3684866498.352941,36.64705882352941,21.98071036806331,19.246511331805454,25.753901196842378,2.457430804489628,263.68356153650274,990.3402204658084,0.0,1.4888133435192261,1.0977085561497328,30.68453663588235,18.22331814647059,1.5294117647058822,1.8823529411764706
168,20160617,3684866499.352941,36.64705882352941,23.05283461636403,17.629201876554816,29.057504260445437,2.161679105208517,227.7689957101722,998.4129109126167,0.0,0.0004901960784313725,0.0,43.50119448588235,27.685731234705887,2.0,2.0
169,20160618,3684866500.352941,36.64705882352941,23.63123317858612,18.243918140682847,29.239230181583125,2.0533763295528003,214.15627509745158,1001.4178647822766,0.0,0.90875350140056,0.4567296918767508,50.98328415470589,34.57351425294117,2.0,2.0
170,20160619,3684866501.352941,36.64705882352941,24.082018275841804,20.11319611760788,29.33958198664081,1.9567263129027832,235.34969932028753,998.1229927915222,0.0,1.699969638204932,1.0347275273745862,37.70897363294118,24.986872118823527,1.7058823529411764,2.0
171,20160620,3684866502.352941,36.64705882352941,23.451276762453233,19.244996474114117,28.41852911794089,1.7271904566022214,171.2831188419424,996.5895147009854,0.0,6.031497326203208,1.851887827858416,46.2885342817647,30.951272425294118,2.0,2.0
172,20160621,3684866503.352941,36.64705882352941,23.858115903704142,20.162415329768265,28.400580693815993,1.6545843372313962,177.42470274823216,997.3868397288987,0.0,0.8069977081741787,1.0742530998413349,46.33147588941176,30.18792524905882,1.8823529411764706,1.9411764705882353
173,20160622,3684866504.352941,36.64705882352941,23.10595238095238,20.862715911539443,26.783340091281268,1.92977933830875,125.2543534896476,995.6416368925193,0.0,10.654929384341148,3.3020847387906205,43.92380692588235,29.228209301176474,1.8235294117647058,1.9411764705882353
174,20160623,3684866505.352941,36.64705882352941,24.361688017864495,20.01095198918728,29.464127441186264,1.759781688899336,183.49279152220328,996.1875900570019,0.0,0.14102035219682277,0.42443164678458795,35.60155726470588,21.86755066823529,1.7058823529411764,1.7647058823529411
175,20160624,3684866506.352941,36.64705882352941,22.103410511057575,19.977303578774166,25.252553133141365,2.276591643650467,232.06232982703574,989.9806469021175,0.0,30.01544896280191,6.277832559597265,32.38408279764706,20.187932144882353,1.588235294117647,1.7647058823529411
176,20160625,3684866507.352941,36.64705882352941,22.620692640692635,19.073349591584886,26.978062427768315,2.9815821433468486,248.91614268084857,994.260112828348,0.0,0.003102779573367809,0.0,30.946158335882355,16.08049490535294,1.4705882352941178,1.588235294117647
177,20160626,3684866508.352941,36.64705882352941,23.341935809288746,17.93381540028599,29.2638341070694,2.157169693052046,248.65543280249162,999.2881056198702,0.0,0.0,0.0,35.503304480588234,21.49182819411764,1.7058823529411764,1.8823529411764706
178,20160627,3684866509.352941,36.64705882352941,22.0644469256234,18.006193708252535,26.765750230161995,1.3947234138410611,172.08804920569625,1000.0711395467275,0.0,1.6616848837437075,0.9374293353705119,42.271057742352944,27.04010561235294,1.8823529411764706,2.0588235294117645
179,20160628,3684866510.352941,36.64705882352941,22.565014789132437,18.026686450804096,27.438630878924997,1.6196296840414488,158.6671759612936,1001.0527535209889,0.0,1.4829959256429843,0.21691176470588236,43.830745915882346,29.35109839294117,1.9411764705882353,1.9411764705882353
180,20160629,3684866511.352941,36.64705882352941,23.00665746018687,19.58636118783178,26.795008912655973,1.715116941881648,183.763863587393,1001.0627690936516,0.0,3.0313368004544476,0.8296417308182013,32.39172108823529,20.702959021235294,1.588235294117647,1.8823529411764706
181,20160630,3684866512.352941,36.64705882352941,24.392294862000742,21.169933595815948,28.649188164776394,2.1682500832500833,208.61489490901255,1000.5912287712289,0.0,0.6910304401480872,0.7653786409668764,27.429342489411766,16.352537145411763,1.4705882352941178,1.5294117647058822
182,20160701,3684866583.352941,36.64705882352941,24.135636520342405,22.23313245577951,27.21036159918513,2.8285502732561554,177.57609057609056,996.416455505279,0.0,54.68684540949246,6.134832393097101,19.370521868235294,10.318469543529412,1.0,1.0588235294117647
183,20160702,3684866584.352941,36.64705882352941,23.639534974829097,21.533476033770146,26.849810581575284,2.6042678889737716,234.48931460696167,995.5032259896967,0.0,20.38348308554191,4.15008371040724,15.942375076764707,7.95387913082353,1.0,1.0
184,20160703,3684866585.352941,36.64705882352941,22.42331305948953,20.14132426397132,25.235640340052104,1.3456400462282818,174.67191631897515,999.666330238389,0.0,19.47118313059489,3.821322540204893,27.81947970352941,16.96004077488235,1.1764705882352942,1.5294117647058822
185,20160704,3684866586.352941,36.64705882352941,22.308034318622557,20.313413057530706,24.713739495798322,2.0816171083818147,145.21807604160546,1000.206497913851,0.0,57.87191142191142,8.562015817515817,20.77851736352941,12.245690625529411,1.1176470588235294,1.3529411764705883
186,20160705,3684866587.352941,36.64705882352941,24.81832187420423,21.49989647607295,28.43113122171946,3.0475119978061156,182.4680123797771,1001.5109646236117,0.0,32.96915652974476,4.318890178449003,17.25140315382353,8.820343441882354,1.0588235294117647,1.1176470588235294
187,20160706,3684866588.352941,36.64705882352941,23.922488002193887,21.319978354978353,28.02954966602026,1.936252864782277,196.21693992282226,1004.4109235862178,0.0,21.525507531684003,3.6583742923742926,18.501858829411763,9.290590504647058,1.0,1.0
188,20160707,3684866589.352941,36.64705882352941,24.427849307555192,20.84832540009011,29.271815243579947,1.4127356956768722,189.421392333157,1004.426324557795,0.0,0.9205918591212707,0.831357524828113,29.676578141176467,16.968309419999997,1.5294117647058822,1.6470588235294117
189,20160708,3684866590.352941,36.64705882352941,25.656790464437524,21.182596129360835,31.2319402166461,1.459293451646393,158.90042310630545,999.878283285342,0.0,0.4768118156353451,0.2627419149477973,34.90190222411765,20.124257118235295,1.588235294117647,1.7647058823529411
190,20160709,3684866591.352941,36.64705882352941,26.22022232669292,21.606984681984677,31.772499951029364,1.4500401559225091,168.0767957532664,996.3985393038334,0.0,0.008403361344537815,0.029411764705882353,36.13737276470588,21.553350703588233,1.7058823529411764,1.8823529411764706
191,20160710,3684866592.352941,36.64705882352941,26.14896985367573,21.95209163385634,31.03679066032008,1.299762296527002,225.4098744392862,994.8461075199311,0.0,0.2871848739495798,0.1411764705882353,36.001889981764705,22.765085912352944,1.8235294117647058,1.9411764705882353
192,20160711,3684866593.352941,36.64705882352941,25.805399698340878,22.68967072143543,30.334149771796834,1.3417088793559386,166.68525592055005,994.4637962037962,0.0,4.09823911382735,1.584590644649468,40.11778516705883,26.27787308235294,1.8823529411764706,1.9411764705882353
193,20160712,3684866594.352941,36.64705882352941,24.854973164090815,22.442171749818808,28.0868242541772,1.516781160016454,224.42369395310573,992.4670211161388,0.0,11.175877651760004,3.0937161465984993,27.34674344058823,16.986014917176472,1.411764705882353,1.4705882352941178
194,20160713,3684866595.352941,36.64705882352941,25.79777467630409,22.352394957983194,29.8912355291767,1.6439760239760242,255.5713600125365,991.1451342774873,0.0,0.9244830659536541,0.49978609625668446,33.55679138588235,20.979641524705883,1.7647058823529411,1.8235294117647058
195,20160714,3684866596.352941,36.64705882352941,25.349934183463596,21.894696969696973,30.276976063152535,1.9471072065189712,223.40643670055437,992.0919226851579,0.0,1.1570437405731526,0.21873009343597583,29.50043875823529,17.651620604705883,1.411764705882353,1.7647058823529411
196,20160715,3684866597.352941,36.64705882352941,24.6758401402519,21.176490176490177,28.847615129968073,2.3000269338504635,127.9338210808799,994.2899471117119,0.0,1.0424948580830935,0.9753285048285051,22.239867455882354,10.899132909000002,1.0,1.0588235294117647
197,20160716,3684866598.352941,36.64705882352941,21.939788348905996,20.551728173787,24.06664492370375,2.676920432508668,137.57344616168143,991.6053668880139,0.0,27.159833695716056,7.318911882235412,17.732042462529414,9.241714274235292,1.0,1.0
198,20160717,3684866599.352941,36.64705882352941,23.364821746880573,20.71395173453997,26.827253334900405,1.8510858749094041,225.32380364733305,997.3911688311688,0.0,0.9198554386789681,1.2434046541693602,20.9866897657647,11.882501822411765,1.2352941176470589,1.2941176470588236
199,20160718,3684866600.352941,36.64705882352941,23.998594836536014,20.317598479951414,28.6440878729114,1.384906270200388,177.0675011263247,1000.2471758633523,0.0,0.0932579185520362,0.07276987718164188,27.09541139529412,15.537702937411764,1.2352941176470589,1.3529411764705883
200,20160719,3684866601.352941,36.64705882352941,25.338611290670116,20.7920944741533,30.346497620027034,1.7339588842530016,115.63380736910149,1001.4681342187224,0.0,0.07780748663101604,0.08118538324420677,35.72653868588235,21.567970824117644,1.7647058823529411,1.8823529411764706
201,20160720,3684866602.352941,36.64705882352941,25.755967170084812,22.095778437249027,30.20473311002723,2.4071928071928075,109.13183874948581,1002.4187657440598,0.0,0.04389140271493213,0.13088235294117645,32.613059969999995,19.652022836529415,1.4705882352941178,1.6470588235294117
202,20160721,3684866603.352941,36.64705882352941,25.564588940471292,21.916520440343966,30.098051654228122,2.340109106579695,117.06111535523301,1001.8446753246756,0.0,0.0,0.00980392156862745,26.532352827647053,14.855923723705882,1.2941176470588236,1.588235294117647
203,20160722,3684866604.352941,36.64705882352941,26.241819846819844,22.2801829543006,30.977910324969148,2.325514681397034,127.08630585101176,1000.5309110497348,0.0,0.0,0.0,29.67448150647059,17.462089567058822,1.5294117647058822,1.588235294117647
204,20160723,3684866605.352941,36.64705882352941,26.891121525533293,22.85401853048912,31.44664609899904,1.9269325772266948,163.1255215372862,999.8216516816516,0.0,0.6267269984917043,0.3844555052790347,31.675115189411766,18.51507736588235,1.5294117647058822,1.7058823529411764
205,20160724,3684866606.352941,36.64705882352941,27.63197606315254,24.23295234177587,31.91304283951343,1.805025856496445,222.5247889365536,1000.7742240112827,0.0,6.797633542927662,0.6447722473604827,30.496291621764712,18.77165284529412,1.4705882352941178,1.7647058823529411
206,20160725,3684866607.352941,36.64705882352941,27.661950990186284,25.076824352118464,31.753263697087224,1.673207282913166,209.8698850169438,1000.9227317780259,0.0,5.983990323402088,0.5592329239388064,31.710053393529414,19.88210559882353,1.588235294117647,1.7647058823529411
207,20160726,3684866608.352941,36.64705882352941,28.1505121349239,24.40722933928816,32.50546678811384,2.073102583690819,215.43759181994477,998.0410752972517,0.0,0.292296918767507,0.11725490196078428,29.029911478235295,16.98046841511765,1.4705882352941178,1.6470588235294117
208,20160727,3684866609.352941,36.64705882352941,28.041987620222912,25.068095238095243,31.700651603298667,2.6561755891167653,204.03534700593522,995.6517192611309,0.0,1.3489386104091987,0.6627423556835322,27.49442259588235,15.226445425705883,1.2941176470588236,1.4705882352941178
209,20160728,3684866610.352941,36.64705882352941,28.368525592055004,25.367261366084897,32.229872284578164,2.5654241836594776,207.6310062486533,996.7120123993653,0.0,0.58871687136393,0.34080973928032743,41.34977510058824,26.363936990588236,2.0,2.0
210,20160729,3684866611.352941,36.64705882352941,27.80531948443713,24.40098078392196,31.797369885016945,1.897990342990343,193.4738202973497,999.3884528216881,0.0,8.999738105032222,1.1529364361129064,40.6023146,26.349480041176466,2.0,2.0
211,20160730,3684866612.352941,36.64705882352941,28.43796771855595,25.392871246400652,32.98348200818789,1.6523038725979902,205.86720142602493,1001.3453057726588,0.0,3.296461675579322,0.8309937513466925,33.36480163999999,21.04544862882353,1.6470588235294117,1.8823529411764706
212,20160731,3684866613.352941,36.64705882352941,28.27750386868034,24.77272237566355,33.34342490842491,1.4610693228340288,252.89822922175858,1001.4574367789073,0.0,6.710142210730446,0.5568067226890756,32.63795168176471,21.429665213529415,1.7647058823529411,1.8823529411764706
213,20160801,3684866683.352941,36.64705882352941,27.587689859160445,24.093661142778796,32.70987561458149,1.377187028657617,218.51925525454936,1000.3031257957728,0.0,2.3209060547295843,0.4729363283775048,32.75241933411764,21.430664459999996,1.588235294117647,1.9411764705882353
214,20160802,3684866684.352941,36.64705882352941,26.568284166813577,23.759207557148738,30.857202699261528,1.2370882059117354,178.30711445417327,999.1890025660614,0.0,4.678169967287615,1.5594400305576772,32.1278315582353,19.910111144705883,1.588235294117647,1.8823529411764706
215,20160803,3684866685.352941,36.64705882352941,26.889257115433594,23.246061389590803,31.968362911598206,1.2649294822824233,130.42015827309945,999.4367803764861,0.0,2.171142778789838,0.5319917827270768,29.033829959411765,16.76397855176471,1.411764705882353,1.7647058823529411
216,20160804,3684866686.352941,36.64705882352941,28.022375369728312,23.79584533113945,33.1211991929639,1.6224683159977276,114.53740377269789,999.8318322853617,0.0,1.896689584924879,0.06608288770053476,32.94669274,20.00833149947059,1.7058823529411764,1.8235294117647058
217,20160805,3684866687.352941,36.64705882352941,28.524477091535918,23.98436142289083,33.80777095453567,1.5136254921549035,144.023065170124,1000.0629679144384,0.0,0.37849503437738735,0.022736185383244206,36.02760984764706,22.33427219117647,1.6470588235294117,1.8823529411764706
218,20160806,3684866688.352941,36.64705882352941,28.627035023799728,24.182527570468746,33.94110458169282,1.412753325106266,190.4869933987581,998.4921043662221,0.0,0.47739750445632795,0.10824064171122995,40.431961554705886,26.03285328352942,1.8823529411764706,2.0
219,20160807,3684866689.352941,36.64705882352941,28.524661514955632,24.465296272355097,33.89650986268634,1.497994848288966,220.546708193767,997.4091492820907,0.0,3.992356662944899,0.5134745646510352,35.28748483882353,23.312166831176466,1.9411764705882353,1.9411764705882353
220,20160808,3684866690.352941,36.64705882352941,28.441878513643218,24.328295723883958,34.204463379757506,1.521694188164776,211.2734912146677,997.528078392196,0.0,3.5764253393665153,0.20448502477914243,39.27704087,25.19907806647059,1.8823529411764706,1.9411764705882353
221,20160809,3684866691.352941,36.64705882352941,27.873894243011893,24.444668468786116,32.72154619889914,1.7923303167420817,121.30129674247318,998.763644786586,0.0,2.1087567334626156,0.48278280542986424,34.72086612411765,20.972356908235295,1.7647058823529411,1.7058823529411764
222,20160810,3684866692.352941,36.64705882352941,28.595652386828856,24.37375477463713,33.70528138528139,1.4973453017570666,203.13477698771817,1000.0003235000295,0.0,0.0,0.0,40.713168527058826,25.012904104705882,2.0,1.8823529411764706
223,20160811,3684866693.352941,36.64705882352941,29.430590096178335,24.49336193218546,35.20816957552251,1.4740287163816577,221.9430667371844,999.729927131692,0.0,0.0,0.0,38.61139980705883,24.47528191117647,1.8823529411764706,2.0
224,20160812,3684866694.352941,36.64705882352941,29.663304146833553,25.005287359699125,35.3408796105855,1.5765419874243403,249.17242561360206,997.6689550645431,0.0,0.0,0.0,41.769473409999996,27.257157928823528,1.9411764705882353,2.0
225,20160813,3684866695.352941,36.64705882352941,29.731699868758692,25.17423302188008,35.0170680300092,1.78317985935633,264.94218526571467,996.0796821805644,0.0,0.0,0.0,38.42059616352942,25.607540715294117,1.8823529411764706,2.0
226,20160814,3684866696.352941,36.64705882352941,29.30280915163268,25.540518011400366,34.21177214941921,1.7685947385947385,281.9385712326889,994.5756834342128,0.0,0.6756130144365438,0.11305860805860807,36.37440175117647,25.336087480588233,1.8823529411764706,2.0
227,20160815,3684866697.352941,36.64705882352941,28.62565463947817,25.30219701866761,33.80239525180701,1.60431558637441,275.172690055043,992.2661830326538,0.0,4.082629135570311,0.3801538265655914,34.960860939999996,22.758860240588238,1.8235294117647058,2.0
228,20160816,3684866698.352941,36.64705882352941,28.113407278995513,24.688156451391745,33.09865653953889,1.7183917063328826,215.51839337133458,991.874174452998,0.0,2.439767291531998,0.39169360051712987,37.47365712,21.327700748235294,1.7647058823529411,1.8823529411764706
229,20160817,3684866699.352941,36.64705882352941,28.027329729094433,23.646938747526985,33.44626167949697,1.5982225617519732,183.4660731425437,993.9139019803724,0.0,0.6786929736929738,0.13900840336134454,38.23642217470588,21.714623738999997,1.7058823529411764,1.7647058823529411
230,20160818,3684866700.352941,36.64705882352941,28.298984251043073,24.200874909404316,33.53189496777732,1.6972781140428201,114.54802060684413,995.954106677636,0.0,0.2706910736322501,0.08362745098039215,38.02173369529412,22.09433256488235,1.588235294117647,1.7058823529411764
231,20160819,3684866701.352941,36.64705882352941,28.415199702258526,24.37258692288104,33.62639448786507,1.6604091007032182,111.38046267458034,996.8457116413,0.0,0.9265233785822021,0.18806938159879336,39.454088431176466,23.34182722947059,1.6470588235294117,1.6470588235294117
232,20160820,3684866702.352941,36.64705882352941,28.655130359836242,24.696319171025053,33.96449501478914,1.8748141074611662,135.93114728408847,996.5623155276095,0.0,0.4616755793226382,0.33,33.749089762941175,19.02302193035294,1.411764705882353,1.4705882352941178
233,20160821,3684866703.352941,36.64705882352941,28.363287888582,24.18453468100527,33.7696543652426,1.826460892049127,159.19573563691208,996.2388025699789,0.0,0.07521116138763195,0.11714932126696832,25.999598562352936,13.677682126823527,1.2941176470588236,1.411764705882353
234,20160822,3684866704.352941,36.64705882352941,28.41849709114415,23.728505612035022,34.00686196156784,1.77589087383205,178.21475583240291,996.5052691426218,0.0,0.27542016806722686,0.027969187675070027,31.110594357058826,17.344579418294114,1.588235294117647,1.5294117647058822
235,20160823,3684866705.352941,36.64705882352941,27.51073318838025,24.12454545454545,32.297174785998315,1.9652531781943543,124.91903194844369,996.8091867935984,0.0,3.2005319190613304,1.1603352627764392,28.257813925294116,15.11831040435294,1.4705882352941178,1.4705882352941178
236,20160824,3684866706.352941,36.64705882352941,27.624242913948795,23.417048343813047,33.04533153121389,1.7978969070145538,191.26973026973027,996.9999927523459,0.0,0.0976470588235294,0.3155327025915261,26.706739529411767,13.713131594882354,1.3529411764705883,1.411764705882353
237,20160825,3684866707.352941,36.64705882352941,27.457215333685923,22.282323069087774,33.31848719907543,1.6994033417562826,208.77983780924959,995.4829946524065,0.0,1.345020469726352,0.47824132730015084,31.04641868764706,16.904630009411765,1.5294117647058822,1.588235294117647
238,20160826,3684866708.352941,36.64705882352941,22.43521782139429,18.96613533525298,27.610826820238575,2.4889648586707414,121.07244716068247,998.527167832168,0.0,10.874199819788053,3.282364801864802,22.70097736058824,12.104182447176473,1.1176470588235294,1.411764705882353
239,20160827,3684866709.352941,36.64705882352941,22.379273863391504,17.69168586315645,27.10574974045562,2.5799677773207184,101.76567550096962,998.732411314176,0.0,1.3092391921803688,1.0404971988795517,19.10958791882353,6.551206914470589,1.0,1.0
240,20160828,3684866710.352941,36.64705882352941,19.804485514485513,17.46796252766841,23.758942528060178,2.5323121976063154,180.12993868876222,993.9526843744491,0.0,20.308884840649544,6.615807486631017,13.003152953000003,5.307974101352943,1.0,1.0
241,20160829,3684866711.352941,36.64705882352941,20.827802197802196,16.785331335331335,25.71478991596639,2.59542134336252,256.1543064778358,991.5026757556169,0.0,2.8818896789485025,0.8776787330316742,17.084156062941176,6.70601688464706,1.0,1.0
242,20160830,3684866712.352941,36.64705882352941,20.91488227458816,17.313539205892145,24.740660613895905,3.1768567706803004,277.0203130203131,983.7344884527239,0.0,1.3541119664649077,1.1818813049695405,28.061741745294118,10.42434179382353,1.2941176470588236,1.0
243,20160831,3684866713.352941,36.64705882352941,21.940825644943292,18.63555611055611,25.330433488080548,4.661716518775342,255.37865076100366,983.6148112671643,0.0,6.831659321071086,3.5807787310728494,34.10737401352941,13.383615014882354,1.5294117647058822,1.411764705882353
244,20160901,3684866783.352941,36.64705882352941,24.86772041683807,20.013333627157156,30.07839562398386,3.2630745724863375,195.5304107657049,992.3415218115217,0.0,2.6385725059254472,0.6416358543417366,60.18784905411764,33.58492460235294,2.0,2.0
245,20160902,3684866784.352941,36.64705882352941,21.760008129125776,19.637850189026665,25.067925701749232,2.216971459912637,115.4701083230495,997.131280582163,0.0,29.312805331922974,5.729121603886309,27.371595541176475,17.875389478470588,1.4705882352941178,1.6470588235294117
246,20160903,3684866785.352941,36.64705882352941,23.45695412430706,20.137372529431353,27.90700182170771,1.6079840747487808,127.98464280817223,998.8527947542653,0.0,16.48519803725686,2.548199966699966,20.856497348823527,11.85196661952941,1.0588235294117647,1.1764705882352942
247,20160904,3684866786.352941,36.64705882352941,24.837404654169358,21.48515141721024,29.17546404575816,1.5482306908777497,163.12645197939315,1000.616777046483,0.0,1.6068507962625613,0.7637585845527021,29.52309961411764,17.005724028882355,1.411764705882353,1.588235294117647
248,20160905,3684866787.352941,36.64705882352941,24.881898983369577,22.103356153650267,29.377244324303142,1.3625574425574425,207.6955985191279,1000.026772443243,0.0,1.1280999392764097,0.7927337760278937,33.438757674117646,18.992011076470586,1.8235294117647058,1.7058823529411764
249,20160906,3684866788.352941,36.64705882352941,23.859368866427687,20.62100928483281,27.880948953007778,1.23042046189105,240.67717576541108,999.1176003408357,0.0,0.000980392156862745,0.04385854341736695,50.41596541470588,31.01265124588236,2.0,2.0
250,20160907,3684866789.352941,36.64705882352941,23.47234961117314,20.364878650761007,27.83998579851521,1.2762556071379603,211.108822549999,996.3563343519226,0.0,0.7642110830346125,1.1897169986875868,64.62107101588236,42.52619631176471,2.0,2.1176470588235294
251,20160908,3684866790.352941,36.64705882352941,22.89600017629429,19.04713218154395,28.190667763608943,1.5307405339758282,222.78602769779243,997.1738866035926,0.0,5.348287007110538,1.1534387181446004,45.29718978941177,28.61532274470588,2.0,2.0
252,20160909,3684866791.352941,36.64705882352941,23.185899492664202,19.494360639360647,28.43955857867623,1.509523907465084,210.14630467571646,1000.0387759299524,0.0,0.5631868131868132,0.34212842059900883,46.71888711647059,30.109716050588233,2.0,2.0
253,20160910,3684866792.352941,36.64705882352941,22.758744099038218,19.13357142857143,27.86338338132456,1.4026225735049265,147.80736910148676,1002.4635487061959,0.0,3.729921451097922,0.6925399012751955,45.47584696470589,28.998630914117644,2.0,2.0
254,20160911,3684866793.352941,36.64705882352941,23.169692464398345,19.622696617108378,27.540779318720496,1.44139301874596,136.2549999020587,1004.8155107637463,0.0,0.5732669291492821,0.39716224951519075,34.221655802941164,20.811098151176473,1.6470588235294117,1.8823529411764706
255,20160912,3684866794.352941,36.64705882352941,22.050117823353112,19.584624395212632,25.964268966327797,1.5796145031439148,139.53139997257645,1006.4758789249966,0.0,7.9375222816399305,4.150058705999882,30.364162864705886,17.84789063588235,1.411764705882353,1.6470588235294117
256,20160913,3684866795.352941,36.64705882352941,22.887290944349765,18.25327358915594,28.479473663591317,1.5725846702317288,157.31090478149304,1007.9629423517658,0.0,0.008823529411764707,0.009967679379444086,27.131350045882353,14.209523035529413,1.2352941176470589,1.2352941176470589
257,20160914,3684866796.352941,36.64705882352941,23.052563906681552,19.406878219819397,28.054144482968013,1.3473129811365103,200.02143934496877,1007.6910991949228,0.0,0.16829670329670327,0.09774078862314155,31.499768520588237,18.72591143847059,1.4705882352941178,1.6470588235294117
258,20160915,3684866797.352941,36.64705882352941,22.95965221053456,18.605782648723824,28.299689232336295,1.201941685765215,168.64610879316763,1006.3529515582456,0.0,0.16617647058823531,0.04357843137254902,36.28463855294118,23.301584027647063,1.8235294117647058,1.8823529411764706
259,20160916,3684866798.352941,36.64705882352941,22.43540596658244,19.96095737595737,25.675298035298034,1.1466518775342305,185.48837437072726,1004.6867777320721,0.0,4.814145364439481,4.533588617265089,39.85423580235294,26.464976296470585,1.9411764705882353,1.9411764705882353
260,20160917,3684866799.352941,36.64705882352941,20.827483105130163,19.04239613327849,23.230762570762572,2.3581559616853736,136.69037824920179,1000.4208059587472,0.0,77.42333117862529,9.232429315782259,18.588145932058826,11.037188401470587,1.1176470588235294,1.2352941176470589
261,20160918,3684866800.352941,36.64705882352941,20.643569567687212,18.6854750151809,23.23486268633328,2.3806294685706453,143.0726724256136,1000.8533272609745,0.0,6.363571918277801,4.415629458776517,18.25493055105882,9.335020488058822,1.0,1.0
262,20160919,3684866801.352941,36.64705882352941,20.38100105776576,17.56899698340875,24.17764431646785,3.063029225676285,99.67063328828034,1001.7750614091792,0.0,1.2340264637323461,1.0583403361344537,19.888347329411772,7.908768575470589,1.0,1.0
263,20160920,3684866802.352941,36.64705882352941,19.41164335664336,14.847043544690605,24.58467943820885,2.6999158684452813,131.27388297976535,1005.8549229202171,0.0,0.0,0.0,22.684307208823533,9.904405749529412,1.0,1.0
264,20160921,3684866803.352941,36.64705882352941,19.003456837280368,13.618579361814657,24.137165285694696,1.8019833108068404,115.77667430608608,1010.6472217978102,0.0,0.0,0.04661764705882353,36.99815980705881,22.417547323529412,1.9411764705882353,2.0
265,20160922,3684866804.352941,36.64705882352941,19.879989912048732,16.464193551546494,24.91357182033652,1.4999155746214572,151.9364165246518,1008.0421003506299,0.0,0.1023109243697479,0.6834383753501401,40.965817925882355,26.10502889,2.0,2.0
266,20160923,3684866805.352941,36.64705882352941,20.231652954888247,15.27934065934066,26.311447865859627,1.3778848602378013,195.62724530371585,1007.0276953438719,0.0,0.0,0.0,41.53375655823529,26.58467398588235,2.0,2.0
267,20160924,3684866806.352941,36.64705882352941,20.984726547961845,16.030447199858965,27.163727742845396,1.3613233824998527,149.98971616618678,1006.2141567256273,0.0,0.0,0.0,43.55558688058824,28.29964521941176,1.9411764705882353,2.0
268,20160925,3684866807.352941,36.64705882352941,21.248199447611217,16.885013222072047,26.809433507668796,1.1399090125560714,189.1100076394194,1006.5906626706627,0.0,0.0,0.0,43.399190576470595,28.475814790588235,1.9411764705882353,1.9411764705882353
269,20160926,3684866808.352941,36.64705882352941,22.22907435701553,18.704441245029475,26.881078235489998,1.2237788681906332,130.74223815400288,1006.174285126638,0.0,1.6779204129204128,0.7495594209711858,43.4949649582353,27.101667729411762,2.0,2.0
270,20160927,3684866809.352941,36.64705882352941,22.84577696812991,20.231247967718556,26.672877024935847,1.190730543965838,186.16643160760808,1005.4842221503985,0.0,8.586153552330025,3.7545228007286835,35.76454092352941,22.62353113352941,1.7058823529411764,1.8823529411764706
271,20160928,3684866810.352941,36.64705882352941,21.311656872539224,19.01983457718752,24.402963213257326,1.506681259916554,204.44939374351142,1004.459462890051,0.0,12.243694051046992,4.028701102818751,33.154264649999995,19.80741223470588,1.6470588235294117,1.8823529411764706
272,20160929,3684866811.352941,36.64705882352941,19.42644355644356,17.50155383831854,22.064595306654127,2.3484531155119392,132.8799142034436,1006.4466837084484,0.0,2.0235763256351493,2.6454841726900553,23.492957439411764,11.108710479117647,1.1764705882352942,1.1176470588235294
273,20160930,3684866812.352941,36.64705882352941,18.18811609958669,16.33524475524476,20.303572505925445,1.3629991577050402,141.93947229241346,1005.492473800709,0.0,12.354523809523808,5.5475753756047865,24.362838058235294,11.417447706941177,1.2352941176470589,1.1764705882352942
274,20161001,3684866883.352941,36.64705882352941,19.480870893812067,16.747759103641453,22.73333715304304,1.129414311179017,128.33587980646803,1007.7161433664373,0.0,2.9674738986503693,2.0931493506493513,31.367005237058827,17.529831857705883,1.411764705882353,1.5294117647058822
275,20161002,3684866884.352941,36.64705882352941,21.067304558186912,18.11866055513114,24.661445123503945,1.721028775146422,144.29246243952124,1004.5640896358544,0.0,7.802407690348865,2.587995416348358,28.614584140588235,16.160017247176466,1.2941176470588236,1.6470588235294117
276,20161003,3684866885.352941,36.64705882352941,23.070841609371023,19.5297580850522,27.317103386809276,1.863343519225872,219.52839317545204,1000.2732174688053,0.0,9.16048255665903,1.5883549783549782,23.27253999352941,12.077585315117648,1.1764705882352942,1.2941176470588236
277,20161004,3684866886.352941,36.64705882352941,21.80631525337408,17.418453017570666,27.455183346065702,2.562330022918258,102.83664374840842,1004.6025019098548,0.0,1.4633371530430352,0.4513515406162465,32.377930166470584,15.527537168823528,1.7058823529411764,1.588235294117647
278,20161005,3684866887.352941,36.64705882352941,20.04664247517189,17.28338298955946,24.665415075120965,3.2692984466513884,157.5295390883626,999.5342882607588,0.0,60.014481792717085,4.7792589763178,23.91964629647059,11.281539892058824,1.1764705882352942,1.0588235294117647
279,20161006,3684866888.352941,36.64705882352941,18.90369620575503,14.874410491469314,24.28857652151769,1.8465113318054498,221.45607333842625,1010.3897198879553,0.0,0.024369747899159667,0.08521008403361345,37.33346203294117,18.87447547,2.0,1.8235294117647058
280,20161007,3684866889.352941,36.64705882352941,18.811214667685256,15.365760122230714,23.201902215431627,2.1862923351158643,105.34695696460403,1009.684302266361,0.0,8.234926152279096,4.02529755538579,32.257870819411764,14.959986881764708,1.588235294117647,1.5294117647058822
281,20161008,3684866890.352941,36.64705882352941,17.62188057040998,14.075508021390375,21.710929462694168,2.2596600458365157,275.9476699770817,1002.0843404634579,0.0,21.88316144639674,5.354148586707409,22.349471874117647,11.510423323000001,1.0,1.0588235294117647
282,20161009,3684866891.352941,36.64705882352941,13.019751718869365,9.258144894321363,17.868607079195318,2.71279602750191,259.12452253628726,1008.4640896358542,0.0,0.0004201680672268908,0.006386554621848739,23.34026862470588,10.84126274917647,1.0588235294117647,1.0
283,20161010,3684866892.352941,36.64705882352941,13.798712757830405,9.136981156098802,19.358962312197605,1.5685637891520245,155.27654698242932,1010.179600203718,0.0,0.0,0.006176470588235294,30.12253502470588,13.920216704882352,1.4705882352941178,1.2352941176470589
284,20161011,3684866893.352941,36.64705882352941,14.922634326457853,10.99202571937866,20.41657372039725,1.3297682709447418,205.94028520499108,1009.803260758849,0.0,0.0,0.01,38.621487882352945,19.63697096764706,1.8823529411764706,1.8235294117647058
285,20161012,3684866894.352941,36.64705882352941,15.526611917494268,11.472737458619813,21.304057804940165,1.6008836261777442,196.33447924624392,1011.5464896867835,0.0,0.002521008403361345,0.011848739495798318,51.93704816941176,29.25072236647059,2.0,2.0
286,20161013,3684866895.352941,36.64705882352941,15.06241660300484,11.281372549019606,20.456632289279344,1.1120193531958236,203.70486376368729,1012.699923605806,0.0,0.0,0.000546218487394958,47.26215163705882,25.164442185882347,2.0,2.0
287,20161014,3684866896.352941,36.64705882352941,15.939544181308891,10.245996944232237,23.19347720906545,1.2453335879806469,164.93913929208043,1014.6460771581359,0.0,0.0,0.0028151260504201683,63.51016812058824,37.06981997470588,2.0588235294117645,2.1176470588235294
288,20161015,3684866897.352941,36.64705882352941,17.308120702826585,11.515357779475428,24.345780494015788,1.388425006366183,126.22612681436209,1014.8221492233257,0.0,0.0,0.005966386554621848,73.93630648176472,46.52486377823529,2.3529411764705883,2.235294117647059
289,20161016,3684866898.352941,36.64705882352941,16.50744843391902,14.520271199388848,18.98318181818182,1.238497580850522,137.06735421441303,1009.2657843137252,0.0,20.33342500636618,6.596490068754775,45.049376239411764,29.315478514705877,1.8823529411764706,1.9411764705882353
290,20161017,3684866899.352941,36.64705882352941,18.07237713267125,14.547080468551055,23.30267888973771,1.4327769289533996,256.8656735421441,1007.2318563789149,0.0,0.3535357779475426,0.6175588235294117,35.82324911470589,21.755557277647053,1.588235294117647,1.7058823529411764
291,20161018,3684866900.352941,36.64705882352941,16.812696715049658,12.765763941940412,22.558114336643747,1.3794423223834986,176.59549274255158,1009.6193710211356,0.0,0.004201680672268907,0.012058823529411764,54.85901683058824,31.546689118235296,2.0,2.0
292,20161019,3684866901.352941,36.64705882352941,17.253186911128086,13.247450980392157,23.361347084288262,1.1620193531958238,208.04176215940922,1007.9198281130634,0.0,0.0,0.0,55.359940602352935,32.13926950647059,2.0,2.0
293,20161020,3684866902.352941,36.64705882352941,17.273205324087677,12.344519989814108,22.865277565571688,1.757312197606315,129.1758535582065,1008.9588123641066,0.0,0.052521008403361345,0.08936974789915966,64.31619811000002,37.772121898823535,2.0,2.0588235294117645
294,20161021,3684866903.352941,36.64705882352941,16.9217354214413,15.317067736185383,19.100816144639676,2.5585395976572443,90.84810287751465,1009.6624497071556,0.0,1.3076394194041252,1.4315642984466515,38.803843678235296,18.27174882,1.7647058823529411,1.6470588235294117
295,20161022,3684866904.352941,36.64705882352941,17.25462439521263,14.090790679908327,21.301936592818944,1.6794919786096258,123.87191240132418,1004.0594079449965,0.0,1.6527947542653425,0.8297561751973518,32.833153822352934,15.49192441882353,1.6470588235294117,1.4705882352941178
296,20161023,3684866905.352941,36.64705882352941,14.779773363891012,11.811070791953146,18.140445632798574,2.9502801120448185,99.72841864018335,1005.8970804685508,0.0,1.8555474917239625,2.6179141838553606,23.41244409705882,11.08039403,1.1176470588235294,1.1176470588235294
297,20161024,3684866906.352941,36.64705882352941,14.768216195569138,10.210106951871657,19.61948943213649,2.0239037433155085,108.03692386045326,1007.5274191494781,0.0,0.19498217468805704,0.6018591800356505,23.76164621,9.564351194,1.1176470588235294,1.0
298,20161025,3684866907.352941,36.64705882352941,15.211091163738228,11.996266870384515,19.66927552839317,2.100081487140311,182.738222561752,1002.1719620575504,0.0,15.375664629488158,3.770306850012732,23.561299108823533,11.017943452117647,1.0588235294117647,1.0588235294117647
299,20161026,3684866908.352941,36.64705882352941,14.249265342500635,10.661760886172651,18.56547237076649,1.4247491723962311,204.68971224853576,1009.1622612681437,0.0,0.4205882352941176,0.3551750700280112,36.99756971882352,19.892487898823532,1.7058823529411764,1.8235294117647058
300,20161027,3684866909.352941,36.64705882352941,14.961438757321115,9.99773363891011,19.32324420677362,2.0361637382225615,96.17914438502675,1012.3016526610644,0.0,0.01862745098039216,0.06758467023172905,43.604316417647055,21.621511715882356,2.0,2.0
301,20161028,3684866910.352941,36.64705882352941,14.367816399286989,12.26443595620066,16.930123503947033,2.185360325948561,249.10758848994143,1006.0945772854599,0.0,6.442760376878023,5.069292080468552,29.592749170000005,13.819291567588238,1.4705882352941178,1.3529411764705883
302,20161029,3684866911.352941,36.64705882352941,10.650565317035907,7.304668958492488,13.922626687038452,2.321353450471097,243.87738731856382,1014.5301718869367,0.0,0.292436974789916,0.08890756302521009,38.949013667647066,19.3284317217647,1.8823529411764706,1.8823529411764706
303,20161030,3684866912.352941,36.64705882352941,8.699536541889485,3.8062515915457094,15.41331550802139,1.830473644003056,225.53030303030303,1018.1904329004328,0.0,0.029831932773109242,0.010588235294117647,32.93211248411765,16.922977336764703,1.7058823529411764,1.7058823529411764
304,20161031,3684866913.352941,36.64705882352941,8.64380697733639,5.018652915711739,11.824131652661064,1.6831601731601733,270.66080977845684,1015.7166455113513,0.0,0.2937700534759358,1.0459886681945507,37.34352673647059,19.959810849411763,1.8823529411764706,1.8823529411764706
305,20161101,3684866983.352941,36.64705882352941,4.852507002801121,1.0520473644003054,9.67914820473644,2.7415558950853067,274.20715558950855,1018.7235421441306,0.0,0.029411764705882353,0.05021008403361344,26.80827892941177,12.770970566117647,1.2941176470588236,1.1764705882352942
306,20161102,3684866984.352941,36.64705882352941,5.753879551820728,-0.37228545963840093,11.858135981665397,2.067421695951108,242.7630506748153,1016.3458747135218,0.0,0.12420168067226889,0.7180560224089634,33.54894830294118,17.728074570588237,1.8235294117647058,1.8235294117647058
307,20161103,3684866985.352941,36.64705882352941,8.710039470333589,3.5643926661573717,14.953321874204228,1.515189712248536,234.74917239623122,1011.942133944487,0.0,0.11721288515406163,0.3531382734912146,54.37277355823529,33.28916108294117,2.0,2.0
308,20161104,3684866986.352941,36.64705882352941,10.963831168831167,4.656307613954674,17.470699006875478,1.934332824038706,214.34555640437992,1006.8067163228928,0.0,0.0,0.019411764705882354,62.90351166941177,39.48802848411765,2.0,2.0588235294117645
309,20161105,3684866987.352941,36.64705882352941,13.780482556659027,8.750147695441813,19.728744588744593,1.947710720651897,227.02571937866057,1004.207071555895,0.0,0.052100840336134456,0.03180672268907563,62.92605969117647,40.22282376117647,2.0588235294117645,2.0588235294117645
310,20161106,3684866988.352941,36.64705882352941,13.220033104150748,9.76124649859944,17.318487394957984,2.4993544690603517,113.86618283677106,1013.5716603004839,0.0,0.7061624649859944,1.4235994397759104,42.81649074941176,27.770008827058824,1.9411764705882353,2.0
311,20161107,3684866989.352941,36.64705882352941,13.568712757830404,9.790253374076903,18.131255411255413,1.8531652661064428,142.05118411000763,1012.755439266616,0.0,1.6785790679908326,1.321615355233002,40.96164465647058,25.636998600588235,2.0,2.0
312,20161108,3684866990.352941,36.64705882352941,8.208147440794498,3.4494983447924628,12.543847720906543,3.0243633817163227,281.9433409727527,1013.0370460911637,0.0,1.8530952380952386,1.9327279093455567,49.11115075000001,35.85820755470587,2.0,2.0
313,20161109,3684866991.352941,36.64705882352941,4.6968512859689335,-0.28083269671504973,10.638621084797554,2.10908072319837,215.6344537815126,1017.5745887445889,0.0,0.030252100840336138,0.0476890756302521,45.108620632941175,29.125522354117642,1.9411764705882353,1.9411764705882353
314,20161110,3684866992.352941,36.64705882352941,7.688444104914693,3.593333333333333,12.249887955182073,1.6184441049146934,178.8861726508785,1010.3869595110773,0.0,3.9849337916984977,2.7579820473643997,40.99142486235295,26.06535156764706,1.7647058823529411,1.8823529411764706
315,20161111,3684866993.352941,36.64705882352941,9.8215406162465,5.419966895849248,15.398260758848991,2.0253997962821493,257.0777947542653,1008.9480290297936,0.0,1.1460542398777687,0.8688935574229693,53.898610038823534,25.594292900000003,2.0,2.0
316,20161112,3684866994.352941,36.64705882352941,10.881392920804686,3.974377387318564,18.474292080468548,1.6059001782531195,190.23134708428825,1012.3256366182836,0.0,0.0,0.0,70.6817925982353,32.296915698235296,2.0588235294117645,2.0
317,20161113,3684866995.352941,36.64705882352941,13.20974535268653,8.244903234020882,18.49713139801375,1.1834288260758847,131.53106697224345,1011.3833206009677,0.0,2.0214922332569394,0.7778433919022154,62.355255174705874,33.591689872352944,2.0,2.0
318,20161114,3684866996.352941,36.64705882352941,14.756733756439637,10.91465367965368,19.044632034632034,1.4401731601731602,215.51989187283306,1005.7599647411414,0.0,2.473284950343774,2.2594480519480524,46.68822072117647,27.289544300352937,1.8235294117647058,1.8235294117647058
319,20161115,3684866997.352941,36.64705882352941,9.62509549274255,4.250896358543418,14.942803666921314,2.56001909854851,264.3697478991596,1009.6273096511333,0.0,0.0,0.0,53.85547927705882,22.719221140588235,2.0,2.0
320,20161116,3684866998.352941,36.64705882352941,7.359871403106697,1.3822103386809266,14.395174433409728,1.399985994397759,230.307486631016,1012.5075273745863,0.0,0.0,0.00029411764705882356,51.92015382235293,26.47235145352941,2.0,2.0
321,20161117,3684866999.352941,36.64705882352941,9.618772599949072,4.512254901960784,16.38923351158645,1.375679908326967,163.73440285204993,1013.6939903234022,0.0,0.0,0.01365546218487395,80.40496817529413,44.27895568941176,2.6470588235294117,2.176470588235294
322,20161118,3684867000.352941,36.64705882352941,10.771637382225618,5.001266870384518,16.014041252864782,1.4176763432645785,156.19760631525338,1008.2339088362618,0.0,10.315606060606063,4.1800239368474665,84.46833711588235,52.95759812882353,2.6470588235294117,2.588235294117647
323,20161119,3684867001.352941,36.64705882352941,13.605779220779219,10.870926916221032,17.042722179781006,1.4216068245480011,249.04545454545453,1003.9181512605038,0.0,1.0438553603259484,1.8643785332314744,46.665595182941175,32.240373493529404,1.9411764705882353,2.0
324,20161120,3684867002.352941,36.64705882352941,12.399024700789408,8.177267634326459,17.312770562770563,1.8671568627450976,222.46715049656228,1010.1324433409728,0.0,0.004469060351413292,0.007014260249554367,42.022185328823525,26.243604089999998,1.9411764705882353,2.0
325,20161121,3684867003.352941,36.64705882352941,10.812924624395212,6.869098548510315,14.719457601222308,1.426078431372549,165.58505220269925,1007.9615215176981,0.0,0.3933982683982684,0.2975929462694169,55.54997593764706,30.274189424705884,2.0,2.0
326,20161122,3684867004.352941,36.64705882352941,6.320948561242679,2.407099567099567,11.02034122740005,3.0960580595874716,286.04812834224595,1011.0027145403617,0.0,0.4415406162464986,0.4032197606315253,38.762492923529415,20.606617792941176,2.0,1.8823529411764706
327,20161123,3684867005.352941,36.64705882352941,2.9849821746880574,-0.3638375350140055,7.478509039979628,2.8622701807995927,242.90641711229947,1014.7266310160427,0.0,0.17058823529411765,0.14752801120448178,32.622099958235296,14.780420554411762,1.7058823529411764,1.4705882352941178
328,20161124,3684867006.352941,36.64705882352941,0.977872421695951,-2.709284441049147,5.603781512605042,2.8634199134199134,259.4647313470843,1015.6928915202445,0.0,0.10560224089635853,0.16961484593837534,27.64122987058824,13.50889685352941,1.3529411764705883,1.2941176470588236
329,20161125,3684867007.352941,36.64705882352941,2.5142131398013747,-1.9588337153043034,8.24634199134199,1.7476903488668196,210.24891774891776,1016.6884364654952,0.0,0.0,0.1403431372549019,39.091141066470584,22.62847216411765,1.8823529411764706,2.0
330,20161126,3684867008.352941,36.64705882352941,2.0614947797300736,-1.4441380188439012,5.094327731092437,1.4061917494270435,173.9115100585689,1013.3233740769035,0.06190476190476191,3.123945760122231,3.2208034122740004,55.63065782352941,39.238350657058824,2.0,2.0588235294117645
331,20161127,3684867009.352941,36.64705882352941,4.6486885663356246,1.7040514387573211,8.834020881079704,1.627501909854851,193.66653934300993,1010.8469658772601,0.0,0.1561904761904762,0.5795569136745607,51.09706784000001,35.453839861764706,2.0,2.0
332,20161128,3684867010.352941,36.64705882352941,4.050193629899512,0.39521645021645013,8.543223834988542,2.217156862745098,264.5525650819768,1016.7021667548138,0.0,0.04915966386554621,0.037689075630252096,74.29014282411764,38.585541513529414,2.176470588235294,2.0588235294117645
333,20161129,3684867011.352941,36.64705882352941,3.6603412274000497,-1.4534008148714028,9.977140310669723,1.776655207537561,197.67201426024957,1021.8409027247262,0.0,0.19663865546218487,0.31987394957983195,37.861501419999996,21.30829056811765,1.8235294117647058,1.7647058823529411
334,20161130,3684867012.352941,36.64705882352941,6.804978354978355,2.0303068500127326,11.170651897122486,1.4646282149223329,198.56098803157624,1015.8122090654443,0.0,3.025257193786605,3.123214285714286,45.462432665294116,28.421294875294116,1.8823529411764706,1.9411764705882353
335,20161201,3684867083.352941,36.64705882352941,6.637285459638401,1.380015278838808,10.838050674815383,3.0616526610644255,269.26012223071046,1015.5420550038197,0.0,0.10551948051948051,0.20420766488413547,50.020882918235294,27.77594031117647,2.0,2.0
336,20161202,3684867084.352941,36.64705882352941,3.534323911382734,-1.7558186911128093,9.919680417621594,2.0599872676343267,243.95098039215682,1019.6403806977338,0.0,0.0,0.0,34.875587391764704,17.3185318117647,1.6470588235294117,1.7058823529411764
337,20161203,3684867085.352941,36.64705882352941,4.82043799337917,-1.3740985485103134,12.340300483829896,1.1583002291825821,191.42156862745097,1015.5985586962058,0.0,0.0,0.0,51.75508709588237,30.994614537058823,1.9411764705882353,2.0
338,20161204,3684867086.352941,36.64705882352941,5.92296918767507,1.8892335115864527,10.446348357524828,1.2354074357015534,218.53972498090147,1008.1002139037436,0.0,0.0028711484593837537,0.1162843137254902,62.49548792058824,43.49076641470589,2.176470588235294,2.2941176470588234
339,20161205,3684867087.352941,36.64705882352941,8.360075120957474,3.318641456582633,13.980593328240387,2.3750483829895597,278.48153806977336,1007.5355525846704,0.0,0.19498599439775913,0.32417023172905535,91.87361666294117,59.83516217882352,2.823529411764706,2.764705882352941
340,20161206,3684867088.352941,36.64705882352941,2.2087980646804177,-2.073204736440031,7.069596384008149,2.654410491469315,282.77591036414566,1014.6616409632035,0.0,0.04915966386554621,0.03453781512605042,31.418892975294117,15.319209206588239,1.588235294117647,1.4705882352941178
341,20161207,3684867089.352941,36.64705882352941,2.4688400814871403,-3.09707919531449,8.150458365164248,1.5957359307359311,187.52610134963072,1011.3898905016553,0.00196078431372549,0.07719378660555132,0.5260020371785077,50.63006413,29.05443099705882,2.0,2.0
342,20161208,3684867090.352941,36.64705882352941,4.230402636579107,-1.5756786350903997,9.838274764451235,1.4975401069518715,212.499089146148,1008.0193747429041,0.0021008403361344537,1.3657677616501147,1.3931802902979369,66.96234683176469,41.988350587058825,2.0588235294117645,2.235294117647059
343,20161209,3684867091.352941,36.64705882352941,4.943884644766998,0.08566972243442832,9.004907053730582,2.8043493761140814,285.20766488413545,1008.868913929208,0.0021008403361344537,1.1900738477209063,0.6487802393684747,49.710334447647064,31.971971968823528,2.0588235294117645,2.0
344,20161210,3684867092.352941,36.64705882352941,1.3272421695951109,-3.0360707919531453,7.146274509803922,2.0169544181308887,241.26177743824798,1015.1703284950345,0.0,0.03655462184873949,0.07563025210084034,31.610430601764712,18.967202567058823,1.6470588235294117,1.8235294117647058
345,20161211,3684867093.352941,36.64705882352941,0.9634861217214157,-4.561651387827858,8.071233766233764,1.41928316781258,183.52699261522793,1017.071086070792,0.0,0.012605042016806721,0.026596638655462183,34.98775334588235,21.83250670882353,1.8235294117647058,1.9411764705882353
346,20161212,3684867094.352941,36.64705882352941,4.692700534759359,-1.5136287242169597,10.732048637636874,1.0918640183346064,169.25872167048632,1012.9975719378659,0.0,0.09916348357524829,0.7870348866819455,51.37234045529412,30.823860445882353,1.9411764705882353,1.9411764705882353
347,20161213,3684867095.352941,36.64705882352941,5.7793990323402085,2.1335523300229187,10.023217468805703,1.772217978100331,233.48039215686276,1007.7685485103132,0.0,0.16134453781512603,0.12782212885154062,54.448587882352946,35.045417887647055,2.0,2.0
348,20161214,3684867096.352941,36.64705882352941,1.7910224089635858,-0.7764629488158901,4.6328163992869875,2.680905271199389,261.6830914183855,1008.9178113063405,0.06470588235294118,0.874201680672269,0.7740266106442577,46.5913256482353,29.30764621058823,1.8823529411764706,1.8823529411764706
349,20161215,3684867097.352941,36.64705882352941,-0.7344856124267889,-3.970797046091164,2.755128596893303,3.2161701044053985,274.4382480264833,1012.1180392156862,0.16428571428571428,0.2508530685001273,0.9548739495798318,33.50646263529411,19.10447510588235,1.6470588235294117,1.6470588235294117
350,20161216,3684867098.352941,36.64705882352941,-1.478929208046855,-6.420123503947033,3.045907817672523,2.71014896867838,248.39024700789403,1016.4162464985995,0.06386554621848739,0.07415966386554622,0.14644957983193277,30.318948693529418,15.566230939999999,1.5294117647058822,1.5294117647058822
351,20161217,3684867099.352941,36.64705882352941,3.850131143366437,-1.3763063407181053,10.203269671504968,1.6801413292589764,216.1064425770308,1018.5349121466771,0.0,0.0,0.09156862745098039,44.92930551529412,26.752283873529414,1.8823529411764706,1.9411764705882353
352,20161218,3684867100.352941,36.64705882352941,5.221409472880062,-0.17319327731092451,11.00727018079959,1.4524216959511078,197.1599185128597,1018.6341214667685,0.0,0.11385918003565063,0.18741978609625667,43.881954927058814,29.521381377058823,1.9411764705882353,1.9411764705882353
353,20161219,3684867101.352941,36.64705882352941,7.994209320091674,4.455495289024701,11.33587725999491,1.1303501400560223,140.37153043035394,1014.0017557932263,0.0,6.218174178762415,4.233614463967404,43.51300439235294,29.71724804058823,1.9411764705882353,1.9411764705882353
354,20161220,3684867102.352941,36.64705882352941,8.15955182072829,4.52316653934301,13.545963840081486,1.3658085052202702,158.21772345301758,1016.0915724471606,0.0,0.11134453781512606,0.1388655462184874,52.617175664705876,34.86506819294117,2.0,2.1176470588235294
355,20161221,3684867103.352941,36.64705882352941,9.423073593073594,3.9504163483575248,14.198702571937865,2.0194499618029025,125.34237331296154,1011.490585688821,0.0,22.500993124522537,4.838777056277055,44.33963973705882,28.418446104117645,1.9411764705882353,1.9411764705882353
356,20161222,3684867104.352941,36.64705882352941,8.590646804176215,4.456734148204737,15.273133435192259,4.062007894066717,261.0755029284441,1000.2464323911382,0.0,17.347916984975807,6.503676088617264,23.39775855588235,14.52573926,1.2352941176470589,1.2941176470588236
357,20161223,3684867105.352941,36.64705882352941,1.7218169085816144,-0.3319034886681945,4.697368220015278,3.8439699516170105,289.17214158390624,1009.4274140565319,0.019500891265597148,0.7874586198115611,5.115115227909345,33.57353294705882,21.902546105294117,1.5294117647058822,1.7647058823529411
358,20161224,3684867106.352941,36.64705882352941,0.6719824293353706,-1.8705118411000767,4.010845429080723,1.821194295900178,211.41876750700277,1018.6552635599694,0.0,0.0004201680672268908,0.014369747899159666,53.52788793411765,38.29887763352941,1.9411764705882353,2.176470588235294
359,20161225,3684867107.352941,36.64705882352941,3.420832696715049,-2.2873058314234784,9.205790679908327,1.0811599185128595,186.29730073847725,1018.6652355487649,0.0,0.07963458110516934,0.1480392156862745,57.641976209411766,41.635648367647065,2.0,2.176470588235294
360,20161226,3684867108.352941,36.64705882352941,4.902640692640693,3.183045581869112,6.600285204991088,1.5429424497071558,213.84670231729055,1009.6885956200662,0.0,11.170830150241915,7.367491723962311,42.289482956470586,30.451160107647055,1.8235294117647058,1.9411764705882353
361,20161227,3684867109.352941,36.64705882352941,1.227275273745862,-3.1917277820219,4.632459893048129,3.6196345811051702,277.96139154962685,1011.2100114591291,0.11932773109243697,1.117953908836262,1.8226092436974792,33.07347663235294,20.308362671764705,1.6470588235294117,1.8235294117647058
362,20161228,3684867110.352941,36.64705882352941,-0.9472625413801886,-5.8847619047619055,5.033598166539343,1.7802966641201938,239.3323833029715,1018.2823911382734,0.0196078431372549,0.020448179271708684,0.07264705882352941,37.57133673411765,20.84617148182353,1.8235294117647058,1.8235294117647058
363,20161229,3684867111.352941,36.64705882352941,-1.0174369747899163,-3.8726355996944233,2.4427629233511583,2.8200814871403104,276.46638655462186,1018.6351260504202,0.25941940412528647,0.17435446906035143,0.8184080723198371,34.691822704705885,17.885564669999997,1.8235294117647058,1.7647058823529411
364,20161230,3684867112.352941,36.64705882352941,-0.9681105169340465,-6.11289279348103,4.666729055258467,1.8590323402088114,213.7768016297428,1021.1858046855103,0.0,0.0,0.09401960784313726,33.72233990470588,18.611483969705883,1.5294117647058822,1.588235294117647
365,20161231,3684867113.352941,36.64705882352941,1.981839826839827,-2.2870359052711997,6.898050674815383,1.4439139292080472,217.32391138273493,1019.0493646549529,0.0,0.0021390374331550807,0.07267379679144384,45.75194426411765,31.17825628764706,1.9411764705882353,1.9411764705882353
